"dates";"avg";"tmin";"max";"Precipitation";"windSpeed";"pressure";"tsun";"city";"years";"months";"days"
"2020-01-01";21.4;13.7;29.1;1;"";1014.5;0;"Achalpur";2020;1;1
"2020-02-01";24.3;15.8;32.7;0;"";1013.9;0;"Achalpur";2020;2;1
"2020-03-01";27.9;19.7;36.2;18;"";1010.1;0;"Achalpur";2020;3;1
"2020-04-01";33.2;24.6;41.8;2;"";1006.3;0;"Achalpur";2020;4;1
"2020-05-01";36.1;28.1;44.0;3;"";1002.8;0;"Achalpur";2020;5;1
"2020-06-01";30.3;24.3;36.2;129;"";1001.3;0;"Achalpur";2020;6;1
"2020-07-01";29.1;24.6;33.5;245;"";1001.5;0;"Achalpur";2020;7;1
"2020-08-01";27.3;23.9;30.6;212;"";1001.1;0;"Achalpur";2020;8;1
"2020-09-01";28.9;24.1;33.8;109;"";1004.1;0;"Achalpur";2020;9;1
"2020-10-01";28.5;22.7;34.3;45;"";1007.1;0;"Achalpur";2020;10;1
"2020-11-01";25.1;17.0;33.1;4;"";1013.8;0;"Achalpur";2020;11;1
"2020-12-01";22.9;14.6;31.3;0;"";1014.1;0;"Achalpur";2020;12;1
"2021-01-01";23.3;17.8;30.3;3;"";1012.8;0;"Achalpur";2021;1;1
"2021-02-01";23.9;17.0;31.6;5;"";1013.6;0;"Achalpur";2021;2;1
"2021-03-01";28.3;21.1;36.6;10;"";1010.5;0;"Achalpur";2021;3;1
"2021-04-01";31.4;24.0;39.1;0;"";1007.8;0;"Achalpur";2021;4;1
"2021-05-01";33.4;26.3;39.0;49;"";1004.5;0;"Achalpur";2021;5;1
"2021-06-01";29.1;24.0;34.0;222;"";1003.6;0;"Achalpur";2021;6;1
"2021-07-01";27.8;24.0;31.0;225;"";1002.2;0;"Achalpur";2021;7;1
"2021-08-01";26.8;23.0;30.3;189;"";1004.6;0;"Achalpur";2021;8;1
"2021-09-01";26.9;22.4;29.8;475;"";1004.4;0;"Achalpur";2021;9;1
"2021-10-01";25.4;20.7;31.6;130;"";1009.3;0;"Achalpur";2021;10;1
"2021-11-01";24.7;19.7;30.6;5;"";1011.7;0;"Achalpur";2021;11;1
"2021-12-01";21.5;16.0;28.2;24;"";1015.3;0;"Achalpur";2021;12;1
"2022-01-01";19.6;14.2;26.6;36;"";1014.3;0;"Achalpur";2022;1;1
"2022-02-01";23.0;16.2;31.2;2;"";1011.9;0;"Achalpur";2022;2;1
"2022-03-01";29.7;21.9;37.9;1;"";1009.0;0;"Achalpur";2022;3;1
"2022-04-01";34.1;26.4;42.0;0;"";1006.0;0;"Achalpur";2022;4;1
"2022-05-01";35.3;28.6;41.9;13;"";1001.9;0;"Achalpur";2022;5;1
"2022-06-01";31.3;26.2;37.0;111;"";1002.5;0;"Achalpur";2022;6;1
"2022-07-01";25.9;23.1;29.1;414;"";1002.4;0;"Achalpur";2022;7;1
"2022-08-01";26.1;23.1;29.8;358;"";1003.1;0;"Achalpur";2022;8;1
"2022-09-01";26.0;22.9;30.5;259;"";1005.9;0;"Achalpur";2022;9;1
"2022-10-01";25.1;20.6;31.1;83;"";1010.7;0;"Achalpur";2022;10;1
"2022-11-01";22.9;17.2;30.7;0;"";1013.7;0;"Achalpur";2022;11;1
"2022-12-01";22.9;17.4;30.2;5;"";1013.5;0;"Achalpur";2022;12;1
"2023-01-01";21.8;16.1;29.7;2;"";1014.8;0;"Achalpur";2023;1;1
"2023-02-01";24.5;16.8;33.9;0;"";1013.7;0;"Achalpur";2023;2;1
"2023-03-01";27.4;19.9;34.5;25;"";1011.7;0;"Achalpur";2023;3;1
"2023-04-01";30.1;22.5;37.1;56;"";1009.2;0;"Achalpur";2023;4;1
"2023-05-01";32.3;24.9;39.4;25;"";1006.7;0;"Achalpur";2023;5;1
"2023-06-01";32.8;26.4;37.9;97;"";1003.2;0;"Achalpur";2023;6;1
"2023-07-01";27.2;23.5;30.2;401;"";1002.7;0;"Achalpur";2023;7;1
"2023-08-01";26.8;23.0;30.3;78;"";1005.9;0;"Achalpur";2023;8;1
"2023-09-01";27.5;23.3;31.0;172;"";1005.0;0;"Achalpur";2023;9;1
"2023-10-01";26.4;20.7;33.8;24;"";1011.6;0;"Achalpur";2023;10;1
"2023-11-01";24.3;19.1;30.9;67;"";1014.0;0;"Achalpur";2023;11;1
"2023-12-01";21.8;16.5;28.1;4;"";1015.2;0;"Achalpur";2023;12;1
"2024-01-01";21.9;16.5;28.8;1;"";1014.8;0;"Achalpur";2024;1;1
"2024-02-01";25.0;18.4;32.4;5;"";1014.3;0;"Achalpur";2024;2;1
"2024-03-01";28.6;21.2;36.5;7;"";1011.4;0;"Achalpur";2024;3;1
"2024-04-01";31.4;23.8;38.1;56;"";1008.3;0;"Achalpur";2024;4;1
"2024-05-01";33.5;26.1;41.0;16;"";1003.8;0;"Achalpur";2024;5;1
"2024-06-01";32.0;25.0;37.0;140;"";1002.8;0;"Achalpur";2024;6;1
"2024-07-01";27.4;23.7;29.8;496;"";1000.6;0;"Achalpur";2024;7;1
"2024-08-01";27.2;23.4;29.9;225;"";1003.5;0;"Achalpur";2024;8;1
"2024-09-01";27.3;23.2;30.8;153;"";1003.9;0;"Achalpur";2024;9;1
"2024-10-01";27.2;22.3;33.5;71;"";1009.9;0;"Achalpur";2024;10;1
"2024-11-01";24.0;18.6;31.3;0;"";1013.5;0;"Achalpur";2024;11;1
"2024-12-01";22.9;17.5;29.8;9;"";1013.6;0;"Achalpur";2024;12;1
"2025-01-01";23.0;16.8;30.8;0;"";1013.9;0;"Achalpur";2025;1;1
"2025-02-01";26.7;20.0;34.4;0;"";1013.1;0;"Achalpur";2025;2;1
"2025-03-01";30.5;21.0;39.9;0;"";1009.1;0;"Achalpur";2025;3;1
"2025-04-01";33.5;26.1;41.1;12;"";1006.3;0;"Achalpur";2025;4;1
"2025-05-01";32.0;25.1;37.7;98;"";1003.8;0;"Achalpur";2025;5;1
"2025-06-01";29.9;24.8;34.6;165;"";1001.9;0;"Achalpur";2025;6;1
"2025-07-01";26.9;23.3;29.5;281;"";1001.9;0;"Achalpur";2025;7;1
"2025-08-01";26.4;23.0;30.2;288;"";1004.4;0;"Achalpur";2025;8;1
"2025-09-01";25.6;22.9;29.7;329;"";1006.0;0;"Achalpur";2025;9;1
"2025-10-01";25.8;22.1;30.2;108;"";1009.9;0;"Achalpur";2025;10;1
"2025-11-01";22.3;17.2;28.1;4;"";1014.6;0;"Achalpur";2025;11;1
"2025-12-01";20.6;14.5;27.8;0;"";1015.7;0;"Achalpur";2025;12;1
"2021-02-01";23.0;17.2;29.3;1;"";1014.2;0;"Ahmednagar";2021;2;1
"2021-03-01";27.4;21.3;33.9;1;"";1011.8;0;"Ahmednagar";2021;3;1
"2021-04-01";29.4;23.2;35.8;2;"";1010.1;0;"Ahmednagar";2021;4;1
"2021-05-01";28.3;23.1;34.2;44;"";1007.3;0;"Ahmednagar";2021;5;1
"2021-06-01";24.7;21.7;29.1;121;"";1007.3;0;"Ahmednagar";2021;6;1
"2021-07-01";24.4;21.7;28.4;190;"";1005.5;0;"Ahmednagar";2021;7;1
"2021-08-01";23.7;20.6;27.7;348;"";1007.6;0;"Ahmednagar";2021;8;1
"2021-09-01";23.3;20.6;27.2;229;"";1007.0;0;"Ahmednagar";2021;9;1
"2021-10-01";23.5;19.3;28.4;88;"";1010.9;0;"Ahmednagar";2021;10;1
"2021-11-01";23.1;19.0;28.3;60;"";1012.1;0;"Ahmednagar";2021;11;1
"2021-12-01";20.2;15.7;25.5;42;"";1015.5;0;"Ahmednagar";2021;12;1
"2022-01-01";19.5;14.1;25.7;2;"";1014.4;0;"Ahmednagar";2022;1;1
"2022-02-01";22.9;16.0;30.0;0;"";1012.4;0;"Ahmednagar";2022;2;1
"2022-03-01";28.1;22.1;34.7;1;"";1010.5;0;"Ahmednagar";2022;3;1
"2022-04-01";31.4;24.1;38.5;0;"";1008.4;0;"Ahmednagar";2022;4;1
"2022-06-01";26.7;22.5;33.5;196;"";1005.8;0;"Ahmednagar";2022;6;1
"2022-07-01";23.4;21.2;26.9;320;"";1005.7;0;"Ahmednagar";2022;7;1
"2022-08-01";23.7;21.0;27.8;200;"";1005.8;0;"Ahmednagar";2022;8;1
"2022-09-01";23.1;20.5;27.4;269;"";1008.4;0;"Ahmednagar";2022;9;1
"2022-10-01";22.2;18.7;26.8;118;"";1012.1;0;"Ahmednagar";2022;10;1
"2022-11-01";21.8;16.6;27.5;0;"";1014.2;0;"Ahmednagar";2022;11;1
"2022-12-01";22.3;17.2;28.3;4;"";1013.7;0;"Ahmednagar";2022;12;1
"2023-01-01";21.2;15.2;28.0;2;"";1014.8;0;"Ahmednagar";2023;1;1
"2023-02-01";23.6;17.3;30.8;0;"";1014.6;0;"Ahmednagar";2023;2;1
"2023-03-01";24.7;18.6;31.4;10;"";1012.8;0;"Ahmednagar";2023;3;1
"2023-04-01";27.7;21.7;34.8;17;"";1010.5;0;"Ahmednagar";2023;4;1
"2023-05-01";29.6;23.1;36.4;0;"";1009.3;0;"Ahmednagar";2023;5;1
"2023-06-01";27.7;22.9;33.8;90;"";1007.0;0;"Ahmednagar";2023;6;1
"2023-07-01";24.0;21.8;27.6;275;"";1006.3;0;"Ahmednagar";2023;7;1
"2023-08-01";24.0;20.7;28.7;47;"";1009.0;0;"Ahmednagar";2023;8;1
"2023-09-01";24.0;21.1;28.5;239;"";1008.2;0;"Ahmednagar";2023;9;1
"2023-10-01";24.5;19.8;29.6;1;"";1013.3;0;"Ahmednagar";2023;10;1
"2023-11-01";23.6;19.0;29.1;25;"";1014.2;0;"Ahmednagar";2023;11;1
"2023-12-01";21.2;16.0;26.8;2;"";1015.1;0;"Ahmednagar";2023;12;1
"2024-01-01";21.2;14.8;27.6;2;"";1015.1;0;"Ahmednagar";2024;1;1
"2024-02-01";24.0;16.7;31.3;0;"";1015.0;0;"Ahmednagar";2024;2;1
"2024-03-01";27.3;20.5;34.5;1;"";1012.8;0;"Ahmednagar";2024;3;1
"2024-04-01";30.9;24.6;37.9;4;"";1009.3;0;"Ahmednagar";2024;4;1
"2024-05-01";30.7;24.5;38.1;7;"";1006.5;0;"Ahmednagar";2024;5;1
"2024-06-01";26.1;22.8;31.6;213;"";1006.0;0;"Ahmednagar";2024;6;1
"2024-07-01";24.1;22.1;27.7;318;"";1004.0;0;"Ahmednagar";2024;7;1
"2024-10-01";24.0;20.0;28.9;127;"";1011.3;0;"Ahmednagar";2024;10;1
"2024-11-01";22.3;16.7;27.9;0;"";1014.0;0;"Ahmednagar";2024;11;1
"2025-01-01";21.8;15.2;28.0;1;"";1014.1;0;"Ahmednagar";2025;1;1
"2025-02-01";24.5;17.4;31.2;0;"";1014.1;0;"Ahmednagar";2025;2;1
"2025-04-01";30.6;23.9;37.8;3;"";1008.8;0;"Ahmednagar";2025;4;1
"2025-05-01";26.8;22.5;33.0;260;"";1006.5;0;"Ahmednagar";2025;5;1
"2025-06-01";25.4;22.1;30.3;149;"";1005.4;0;"Ahmednagar";2025;6;1
"2025-07-01";24.2;21.6;28.3;139;"";1005.2;0;"Ahmednagar";2025;7;1
"2025-08-01";23.6;20.9;27.9;216;"";1007.2;0;"Ahmednagar";2025;8;1
"2025-09-01";23.0;20.3;27.3;339;"";1008.6;0;"Ahmednagar";2025;9;1
"2025-10-01";23.4;19.7;28.1;106;"";1010.9;0;"Ahmednagar";2025;10;1
"2025-11-01";21.6;16.4;27.5;5;"";1015.0;0;"Ahmednagar";2025;11;1
"2025-12-01";20.2;14.1;26.9;0;"";1015.6;0;"Ahmednagar";2025;12;1
"2020-01-01";21.4;13.7;29.1;1;"";1014.5;0;"Akola";2020;1;1
"2020-02-01";24.3;15.8;32.7;0;"";1013.9;0;"Akola";2020;2;1
"2020-03-01";27.9;19.7;36.2;18;"";1010.1;0;"Akola";2020;3;1
"2020-04-01";33.2;24.6;41.8;2;"";1006.3;0;"Akola";2020;4;1
"2020-05-01";36.1;28.1;44.0;3;"";1002.8;0;"Akola";2020;5;1
"2020-06-01";30.3;24.3;36.2;129;"";1001.3;0;"Akola";2020;6;1
"2020-07-01";29.1;24.6;33.5;245;"";1001.5;0;"Akola";2020;7;1
"2020-08-01";27.3;23.9;30.6;212;"";1001.1;0;"Akola";2020;8;1
"2020-09-01";28.9;24.1;33.8;109;"";1004.1;0;"Akola";2020;9;1
"2020-10-01";28.5;22.7;34.3;45;"";1007.1;0;"Akola";2020;10;1
"2020-11-01";25.1;17.0;33.1;4;"";1013.8;0;"Akola";2020;11;1
"2020-12-01";22.9;14.6;31.3;0;"";1014.1;0;"Akola";2020;12;1
"2021-01-01";22.8;17.3;29.4;3;"";1012.9;0;"Akola";2021;1;1
"2021-02-01";23.6;16.3;31.2;5;"";1013.7;0;"Akola";2021;2;1
"2021-03-01";28.7;20.8;36.5;2;"";1010.6;0;"Akola";2021;3;1
"2021-04-01";32.2;24.7;39.4;0;"";1008.0;0;"Akola";2021;4;1
"2021-05-01";33.3;28.1;38.9;5;"";1004.7;0;"Akola";2021;5;1
"2021-06-01";29.5;26.1;33.9;96;"";1004.0;0;"Akola";2021;6;1
"2021-07-01";27.7;25.0;31.2;226;"";1002.5;0;"Akola";2021;7;1
"2021-08-01";26.7;24.3;29.8;213;"";1005.0;0;"Akola";2021;8;1
"2021-09-01";25.9;23.6;29.3;307;"";1004.6;0;"Akola";2021;9;1
"2021-10-01";25.1;20.7;30.6;109;"";1009.6;0;"Akola";2021;10;1
"2021-11-01";24.0;18.9;30.0;28;"";1011.7;0;"Akola";2021;11;1
"2021-12-01";21.2;15.8;27.8;7;"";1015.3;0;"Akola";2021;12;1
"2022-01-01";19.7;14.1;26.3;13;"";1014.4;0;"Akola";2022;1;1
"2022-02-01";23.3;15.9;31.1;0;"";1011.9;0;"Akola";2022;2;1
"2022-03-01";29.6;21.4;37.6;1;"";1009.2;0;"Akola";2022;3;1
"2022-04-01";34.8;26.8;43.8;0;"";1004.9;0;"Akola";2022;4;1
"2022-05-01";36.5;29.8;43.3;0;"";1000.5;0;"Akola";2022;5;1
"2022-06-01";32.6;26.9;38.3;318;"";1000.9;0;"Akola";2022;6;1
"2022-07-01";27.1;24.2;29.9;412;"";1001.1;0;"Akola";2022;7;1
"2022-08-01";28.2;24.4;32.0;127;"";1001.7;0;"Akola";2022;8;1
"2022-09-01";28.4;24.0;32.8;203;"";1004.5;0;"Akola";2022;9;1
"2022-10-01";27.4;21.8;33.0;87;"";1009.7;0;"Akola";2022;10;1
"2022-11-01";24.2;15.8;32.6;0;"";1013.4;0;"Akola";2022;11;1
"2022-12-01";24.7;17.3;32.2;6;"";1012.8;0;"Akola";2022;12;1
"2023-01-01";23.3;15.3;31.2;0;"";1014.1;0;"Akola";2023;1;1
"2023-02-01";24.9;14.0;35.9;0;"";1012.9;0;"Akola";2023;2;1
"2023-03-01";27.4;19.3;35.5;14;"";1010.5;0;"Akola";2023;3;1
"2023-04-01";30.7;22.5;38.8;59;"";1007.6;0;"Akola";2023;4;1
"2023-05-01";33.7;26.0;41.3;4;"";1005.0;0;"Akola";2023;5;1
"2023-06-01";33.9;27.9;39.9;29;"";1001.7;0;"Akola";2023;6;1
"2023-07-01";28.2;24.5;31.8;522;"";1001.3;0;"Akola";2023;7;1
"2023-08-01";27.7;23.5;32.0;48;"";1005.1;0;"Akola";2023;8;1
"2023-09-01";27.9;23.7;32.2;160;"";1004.1;0;"Akola";2023;9;1
"2023-10-01";28.2;20.7;35.7;0;"";1011.0;0;"Akola";2023;10;1
"2023-11-01";25.3;18.1;32.5;105;"";1013.5;0;"Akola";2023;11;1
"2023-12-01";23.1;16.3;29.9;11;"";1014.5;0;"Akola";2023;12;1
"2024-01-01";23.1;15.6;30.6;0;"";1014.2;0;"Akola";2024;1;1
"2024-02-01";26.0;18.0;34.0;9;"";1013.3;0;"Akola";2024;2;1
"2024-03-01";29.5;20.6;38.5;1;"";1010.0;0;"Akola";2024;3;1
"2024-04-01";32.7;24.9;40.5;25;"";1006.3;0;"Akola";2024;4;1
"2024-05-01";35.4;27.7;43.1;1;"";1001.8;0;"Akola";2024;5;1
"2024-06-01";31.7;25.6;37.7;147;"";1000.7;0;"Akola";2024;6;1
"2024-07-01";27.6;24.1;31.1;438;"";998.7;0;"Akola";2024;7;1
"2024-08-01";27.8;24.1;31.5;232;"";1003.5;0;"Akola";2024;8;1
"2024-09-01";28.5;24.6;32.4;116;"";1003.9;0;"Akola";2024;9;1
"2024-10-01";26.6;22.3;32.0;75;"";1010.1;0;"Akola";2024;10;1
"2024-11-01";23.1;17.1;29.7;0;"";1013.6;0;"Akola";2024;11;1
"2024-12-01";22.1;16.6;28.7;9;"";1013.7;0;"Akola";2024;12;1
"2025-01-01";22.3;15.7;29.8;0;"";1014.0;0;"Akola";2025;1;1
"2025-02-01";25.9;18.9;33.5;0;"";1013.3;0;"Akola";2025;2;1
"2025-03-01";30.5;21.0;39.9;0;"";1009.1;0;"Akola";2025;3;1
"2025-04-01";33.3;26.3;40.6;1;"";1006.7;0;"Akola";2025;4;1
"2025-05-01";31.5;26.4;37.6;74;"";1004.1;0;"Akola";2025;5;1
"2025-06-01";29.8;26.0;34.8;187;"";1002.3;0;"Akola";2025;6;1
"2025-07-01";26.8;24.5;30.0;255;"";1002.3;0;"Akola";2025;7;1
"2025-08-01";26.5;23.9;30.1;333;"";1004.7;0;"Akola";2025;8;1
"2025-09-01";26.0;23.2;30.0;339;"";1006.0;0;"Akola";2025;9;1
"2025-10-01";25.9;21.9;30.7;93;"";1009.8;0;"Akola";2025;10;1
"2025-11-01";21.5;15.9;27.9;4;"";1014.6;0;"Akola";2025;11;1
"2025-12-01";19.4;12.4;27.5;0;"";1015.7;0;"Akola";2025;12;1
"2020-01-01";21.4;13.7;29.1;1;"";1014.5;0;"Amravati";2020;1;1
"2020-02-01";24.3;15.8;32.7;0;"";1013.9;0;"Amravati";2020;2;1
"2020-03-01";27.9;19.7;36.2;18;"";1010.1;0;"Amravati";2020;3;1
"2020-04-01";33.2;24.6;41.8;2;"";1006.3;0;"Amravati";2020;4;1
"2020-05-01";36.1;28.1;44.0;3;"";1002.8;0;"Amravati";2020;5;1
"2020-06-01";30.3;24.3;36.2;129;"";1001.3;0;"Amravati";2020;6;1
"2020-07-01";29.1;24.6;33.5;245;"";1001.5;0;"Amravati";2020;7;1
"2020-08-01";27.3;23.9;30.6;212;"";1001.1;0;"Amravati";2020;8;1
"2020-09-01";28.9;24.1;33.8;109;"";1004.1;0;"Amravati";2020;9;1
"2020-10-01";28.5;22.7;34.3;45;"";1007.1;0;"Amravati";2020;10;1
"2020-11-01";25.1;17.0;33.1;4;"";1013.8;0;"Amravati";2020;11;1
"2020-12-01";22.9;14.6;31.3;0;"";1014.1;0;"Amravati";2020;12;1
"2021-01-01";23.3;17.8;30.3;3;"";1012.8;0;"Amravati";2021;1;1
"2021-02-01";23.9;17.0;31.6;5;"";1013.6;0;"Amravati";2021;2;1
"2021-03-01";28.3;21.1;36.6;10;"";1010.5;0;"Amravati";2021;3;1
"2021-04-01";31.4;24.0;39.1;0;"";1007.8;0;"Amravati";2021;4;1
"2021-05-01";33.4;26.3;39.0;49;"";1004.5;0;"Amravati";2021;5;1
"2021-06-01";29.1;24.0;34.0;222;"";1003.6;0;"Amravati";2021;6;1
"2021-07-01";27.8;24.0;31.0;225;"";1002.2;0;"Amravati";2021;7;1
"2021-08-01";26.8;23.0;30.3;189;"";1004.6;0;"Amravati";2021;8;1
"2021-09-01";26.9;22.4;29.8;475;"";1004.4;0;"Amravati";2021;9;1
"2021-10-01";25.4;20.7;31.6;130;"";1009.3;0;"Amravati";2021;10;1
"2021-11-01";24.7;19.7;30.6;5;"";1011.7;0;"Amravati";2021;11;1
"2021-12-01";21.5;16.0;28.2;24;"";1015.3;0;"Amravati";2021;12;1
"2022-01-01";19.6;14.2;26.6;36;"";1014.3;0;"Amravati";2022;1;1
"2022-02-01";23.0;16.2;31.2;2;"";1011.9;0;"Amravati";2022;2;1
"2022-03-01";29.7;21.9;37.9;1;"";1009.0;0;"Amravati";2022;3;1
"2022-04-01";34.1;26.4;42.0;0;"";1006.0;0;"Amravati";2022;4;1
"2022-05-01";35.3;28.6;41.9;13;"";1001.9;0;"Amravati";2022;5;1
"2022-06-01";31.3;26.2;37.0;111;"";1002.5;0;"Amravati";2022;6;1
"2022-07-01";25.9;23.1;29.1;414;"";1002.4;0;"Amravati";2022;7;1
"2022-08-01";26.1;23.1;29.8;358;"";1003.1;0;"Amravati";2022;8;1
"2022-09-01";26.0;22.9;30.5;259;"";1005.9;0;"Amravati";2022;9;1
"2022-10-01";25.1;20.6;31.1;83;"";1010.7;0;"Amravati";2022;10;1
"2022-11-01";22.9;17.2;30.7;0;"";1013.7;0;"Amravati";2022;11;1
"2022-12-01";22.9;17.4;30.2;5;"";1013.5;0;"Amravati";2022;12;1
"2023-01-01";21.8;16.1;29.7;2;"";1014.8;0;"Amravati";2023;1;1
"2023-02-01";24.5;16.8;33.9;0;"";1013.7;0;"Amravati";2023;2;1
"2023-03-01";27.4;19.9;34.5;25;"";1011.7;0;"Amravati";2023;3;1
"2023-04-01";30.1;22.5;37.1;56;"";1009.2;0;"Amravati";2023;4;1
"2023-05-01";32.3;24.9;39.4;25;"";1006.7;0;"Amravati";2023;5;1
"2023-06-01";32.8;26.4;37.9;97;"";1003.2;0;"Amravati";2023;6;1
"2023-07-01";27.2;23.5;30.2;401;"";1002.7;0;"Amravati";2023;7;1
"2023-08-01";26.8;23.0;30.3;78;"";1005.9;0;"Amravati";2023;8;1
"2023-09-01";27.5;23.3;31.0;172;"";1005.0;0;"Amravati";2023;9;1
"2023-10-01";26.4;20.7;33.8;24;"";1011.6;0;"Amravati";2023;10;1
"2023-11-01";24.3;19.1;30.9;67;"";1014.0;0;"Amravati";2023;11;1
"2023-12-01";21.8;16.5;28.1;4;"";1015.2;0;"Amravati";2023;12;1
"2024-01-01";21.9;16.5;28.8;1;"";1014.8;0;"Amravati";2024;1;1
"2024-02-01";25.0;18.4;32.4;5;"";1014.3;0;"Amravati";2024;2;1
"2024-03-01";28.6;21.2;36.5;7;"";1011.4;0;"Amravati";2024;3;1
"2024-04-01";31.4;23.8;38.1;56;"";1008.3;0;"Amravati";2024;4;1
"2024-05-01";33.5;26.1;41.0;16;"";1003.8;0;"Amravati";2024;5;1
"2024-06-01";32.0;25.0;37.0;140;"";1002.8;0;"Amravati";2024;6;1
"2024-07-01";27.4;23.7;29.8;496;"";1000.6;0;"Amravati";2024;7;1
"2024-08-01";27.2;23.4;29.9;225;"";1003.5;0;"Amravati";2024;8;1
"2024-09-01";27.3;23.2;30.8;153;"";1003.9;0;"Amravati";2024;9;1
"2024-10-01";27.2;22.3;33.5;71;"";1009.9;0;"Amravati";2024;10;1
"2024-11-01";24.0;18.6;31.3;0;"";1013.5;0;"Amravati";2024;11;1
"2024-12-01";22.9;17.5;29.8;9;"";1013.6;0;"Amravati";2024;12;1
"2025-01-01";23.0;16.8;30.8;0;"";1013.9;0;"Amravati";2025;1;1
"2025-02-01";26.7;20.0;34.4;0;"";1013.1;0;"Amravati";2025;2;1
"2025-03-01";30.5;21.0;39.9;0;"";1009.1;0;"Amravati";2025;3;1
"2025-04-01";33.5;26.1;41.1;12;"";1006.3;0;"Amravati";2025;4;1
"2025-05-01";32.0;25.1;37.7;98;"";1003.8;0;"Amravati";2025;5;1
"2025-06-01";29.9;24.8;34.6;165;"";1001.9;0;"Amravati";2025;6;1
"2025-07-01";26.9;23.3;29.5;281;"";1001.9;0;"Amravati";2025;7;1
"2025-08-01";26.4;23.0;30.2;288;"";1004.4;0;"Amravati";2025;8;1
"2025-09-01";25.6;22.9;29.7;329;"";1006.0;0;"Amravati";2025;9;1
"2025-10-01";25.8;22.1;30.2;108;"";1009.9;0;"Amravati";2025;10;1
"2025-11-01";22.3;17.2;28.1;4;"";1014.6;0;"Amravati";2025;11;1
"2025-12-01";20.6;14.5;27.8;0;"";1015.7;0;"Amravati";2025;12;1
"2021-02-01";23.5;16.0;31.2;5;"";1014.9;0;"Aurangabad";2021;2;1
"2021-03-01";28.2;20.9;36.0;1;"";1012.3;0;"Aurangabad";2021;3;1
"2021-04-01";30.8;23.9;38.2;0;"";1010.5;0;"Aurangabad";2021;4;1
"2021-05-01";30.3;24.3;37.0;16;"";1007.5;0;"Aurangabad";2021;5;1
"2021-06-01";26.6;22.6;32.3;100;"";1007.1;0;"Aurangabad";2021;6;1
"2021-07-01";25.8;22.5;30.2;201;"";1005.4;0;"Aurangabad";2021;7;1
"2021-08-01";25.1;21.4;29.3;185;"";1007.7;0;"Aurangabad";2021;8;1
"2021-09-01";24.4;21.3;28.4;266;"";1006.9;0;"Aurangabad";2021;9;1
"2021-10-01";24.5;19.4;30.9;77;"";1011.4;0;"Aurangabad";2021;10;1
"2021-11-01";23.9;18.3;30.1;25;"";1012.9;0;"Aurangabad";2021;11;1
"2021-12-01";20.9;15.5;27.7;39;"";1015.7;0;"Aurangabad";2021;12;1
"2022-01-01";19.7;13.7;26.8;2;"";1014.3;0;"Aurangabad";2022;1;1
"2022-02-01";23.4;15.7;31.1;0;"";1012.2;0;"Aurangabad";2022;2;1
"2022-03-01";29.0;22.3;36.1;2;"";1010.1;0;"Aurangabad";2022;3;1
"2022-04-01";32.8;25.6;40.1;0;"";1007.6;0;"Aurangabad";2022;4;1
"2022-06-01";28.9;23.0;35.1;211;"";1004.2;0;"Aurangabad";2022;6;1
"2022-07-01";24.9;21.3;28.4;231;"";1004.1;0;"Aurangabad";2022;7;1
"2022-08-01";25.7;20.9;29.6;138;"";1004.5;0;"Aurangabad";2022;8;1
"2022-09-01";25.3;20.7;29.9;254;"";1007.0;0;"Aurangabad";2022;9;1
"2022-10-01";24.2;18.8;30.0;117;"";1011.1;0;"Aurangabad";2022;10;1
"2022-11-01";22.2;15.0;30.0;0;"";1013.7;0;"Aurangabad";2022;11;1
"2022-12-01";22.6;16.0;29.7;44;"";1013.2;0;"Aurangabad";2022;12;1
"2023-01-01";21.2;14.0;28.8;20;"";1014.4;0;"Aurangabad";2023;1;1
"2023-02-01";24.0;15.6;33.1;0;"";1014.0;0;"Aurangabad";2023;2;1
"2023-03-01";25.5;17.7;32.3;26;"";1012.1;0;"Aurangabad";2023;3;1
"2023-04-01";28.9;21.7;36.2;31;"";1009.4;0;"Aurangabad";2023;4;1
"2023-05-01";31.1;24.0;37.9;20;"";1007.7;0;"Aurangabad";2023;5;1
"2023-06-01";29.3;23.7;35.5;66;"";1004.9;0;"Aurangabad";2023;6;1
"2023-07-01";25.5;21.2;29.4;200;"";1004.4;0;"Aurangabad";2023;7;1
"2023-08-01";25.0;20.8;29.6;47;"";1007.4;0;"Aurangabad";2023;8;1
"2023-09-01";25.2;20.9;29.9;369;"";1006.4;0;"Aurangabad";2023;9;1
"2023-10-01";25.1;19.6;32.3;0;"";1012.2;0;"Aurangabad";2023;10;1
"2023-11-01";23.9;18.2;30.5;92;"";1013.6;0;"Aurangabad";2023;11;1
"2023-12-01";21.0;15.6;27.9;51;"";1015.0;0;"Aurangabad";2023;12;1
"2024-01-01";21.2;14.6;28.5;12;"";1015.1;0;"Aurangabad";2024;1;1
"2024-02-01";24.2;17.2;32.3;2;"";1014.9;0;"Aurangabad";2024;2;1
"2024-03-01";28.0;20.3;35.6;0;"";1012.4;0;"Aurangabad";2024;3;1
"2024-04-01";31.5;24.5;38.5;9;"";1009.1;0;"Aurangabad";2024;4;1
"2024-05-01";32.4;25.8;40.0;5;"";1005.8;0;"Aurangabad";2024;5;1
"2024-06-01";29.0;24.0;34.9;163;"";1004.8;0;"Aurangabad";2024;6;1
"2024-07-01";26.0;22.9;29.7;232;"";1002.8;0;"Aurangabad";2024;7;1
"2024-09-01";25.7;21.8;30.4;192;"";1007.3;0;"Aurangabad";2024;9;1
"2024-10-01";26.4;21.2;32.5;129;"";1011.0;0;"Aurangabad";2024;10;1
"2024-11-01";22.7;15.8;30.3;0;"";1014.2;0;"Aurangabad";2024;11;1
"2025-01-01";22.4;15.2;30.5;1;"";1014.2;0;"Aurangabad";2025;1;1
"2025-02-01";25.5;17.8;33.8;0;"";1014.0;0;"Aurangabad";2025;2;1
"2025-04-01";32.2;24.8;39.8;8;"";1007.9;0;"Aurangabad";2025;4;1
"2025-05-01";28.5;23.4;34.4;149;"";1005.8;0;"Aurangabad";2025;5;1
"2025-06-01";27.3;23.1;32.0;110;"";1004.4;0;"Aurangabad";2025;6;1
"2025-07-01";25.7;22.5;29.4;186;"";1004.3;0;"Aurangabad";2025;7;1
"2025-08-01";24.1;21.5;28.0;230;"";1006.5;0;"Aurangabad";2025;8;1
"2025-09-01";24.6;21.2;28.9;250;"";1008.8;0;"Aurangabad";2025;9;1
"2025-10-01";24.0;20.5;28.6;88;"";1010.7;0;"Aurangabad";2025;10;1
"2025-11-01";21.2;16.4;27.0;11;"";1015.1;0;"Aurangabad";2025;11;1
"2025-12-01";20.0;14.5;26.6;0;"";1015.8;0;"Aurangabad";2025;12;1
"2020-01-01";21.4;13.7;29.1;1;"";1014.5;0;"Badlapur";2020;1;1
"2020-02-01";24.3;15.8;32.7;0;"";1013.9;0;"Badlapur";2020;2;1
"2020-03-01";27.9;19.7;36.2;18;"";1010.1;0;"Badlapur";2020;3;1
"2020-04-01";33.2;24.6;41.8;2;"";1006.3;0;"Badlapur";2020;4;1
"2020-05-01";36.1;28.1;44.0;3;"";1002.8;0;"Badlapur";2020;5;1
"2020-06-01";30.3;24.3;36.2;129;"";1001.3;0;"Badlapur";2020;6;1
"2020-07-01";29.1;24.6;33.5;245;"";1001.5;0;"Badlapur";2020;7;1
"2020-08-01";27.3;23.9;30.6;212;"";1001.1;0;"Badlapur";2020;8;1
"2020-09-01";28.9;24.1;33.8;109;"";1004.1;0;"Badlapur";2020;9;1
"2020-10-01";28.5;22.7;34.3;45;"";1007.1;0;"Badlapur";2020;10;1
"2020-11-01";25.1;17.0;33.1;4;"";1013.8;0;"Badlapur";2020;11;1
"2020-12-01";22.9;14.6;31.3;0;"";1014.1;0;"Badlapur";2020;12;1
"2021-01-01";22.8;17.3;29.4;3;"";1012.9;0;"Badlapur";2021;1;1
"2021-02-01";23.6;16.3;31.2;5;"";1013.7;0;"Badlapur";2021;2;1
"2021-03-01";28.7;20.8;36.5;2;"";1010.6;0;"Badlapur";2021;3;1
"2021-04-01";32.2;24.7;39.4;0;"";1008.0;0;"Badlapur";2021;4;1
"2021-05-01";33.3;28.1;38.9;5;"";1004.7;0;"Badlapur";2021;5;1
"2021-06-01";29.5;26.1;33.9;96;"";1004.0;0;"Badlapur";2021;6;1
"2021-07-01";27.7;25.0;31.2;226;"";1002.5;0;"Badlapur";2021;7;1
"2021-08-01";26.7;24.3;29.8;213;"";1005.0;0;"Badlapur";2021;8;1
"2021-09-01";25.9;23.6;29.3;307;"";1004.6;0;"Badlapur";2021;9;1
"2021-10-01";25.1;20.7;30.6;109;"";1009.6;0;"Badlapur";2021;10;1
"2021-11-01";24.0;18.9;30.0;28;"";1011.7;0;"Badlapur";2021;11;1
"2021-12-01";21.2;15.8;27.8;7;"";1015.3;0;"Badlapur";2021;12;1
"2022-01-01";19.7;14.1;26.3;13;"";1014.4;0;"Badlapur";2022;1;1
"2022-02-01";23.3;15.9;31.1;0;"";1011.9;0;"Badlapur";2022;2;1
"2022-03-01";29.6;21.4;37.6;1;"";1009.2;0;"Badlapur";2022;3;1
"2022-04-01";34.8;26.8;43.8;0;"";1004.9;0;"Badlapur";2022;4;1
"2022-05-01";36.5;29.8;43.3;0;"";1000.5;0;"Badlapur";2022;5;1
"2022-06-01";32.6;26.9;38.3;318;"";1000.9;0;"Badlapur";2022;6;1
"2022-07-01";27.1;24.2;29.9;412;"";1001.1;0;"Badlapur";2022;7;1
"2022-08-01";28.2;24.4;32.0;127;"";1001.7;0;"Badlapur";2022;8;1
"2022-09-01";28.4;24.0;32.8;203;"";1004.5;0;"Badlapur";2022;9;1
"2022-10-01";27.4;21.8;33.0;87;"";1009.7;0;"Badlapur";2022;10;1
"2022-11-01";24.2;15.8;32.6;0;"";1013.4;0;"Badlapur";2022;11;1
"2022-12-01";24.7;17.3;32.2;6;"";1012.8;0;"Badlapur";2022;12;1
"2023-01-01";23.3;15.3;31.2;0;"";1014.1;0;"Badlapur";2023;1;1
"2023-02-01";24.9;14.0;35.9;0;"";1012.9;0;"Badlapur";2023;2;1
"2023-03-01";27.4;19.3;35.5;14;"";1010.5;0;"Badlapur";2023;3;1
"2023-04-01";30.7;22.5;38.8;59;"";1007.6;0;"Badlapur";2023;4;1
"2023-05-01";33.7;26.0;41.3;4;"";1005.0;0;"Badlapur";2023;5;1
"2023-06-01";33.9;27.9;39.9;29;"";1001.7;0;"Badlapur";2023;6;1
"2023-07-01";28.2;24.5;31.8;522;"";1001.3;0;"Badlapur";2023;7;1
"2023-08-01";27.7;23.5;32.0;48;"";1005.1;0;"Badlapur";2023;8;1
"2023-09-01";27.9;23.7;32.2;160;"";1004.1;0;"Badlapur";2023;9;1
"2023-10-01";28.2;20.7;35.7;0;"";1011.0;0;"Badlapur";2023;10;1
"2023-11-01";25.3;18.1;32.5;105;"";1013.5;0;"Badlapur";2023;11;1
"2023-12-01";23.1;16.3;29.9;11;"";1014.5;0;"Badlapur";2023;12;1
"2024-01-01";23.1;15.6;30.6;0;"";1014.2;0;"Badlapur";2024;1;1
"2024-02-01";26.0;18.0;34.0;9;"";1013.3;0;"Badlapur";2024;2;1
"2024-03-01";29.5;20.6;38.5;1;"";1010.0;0;"Badlapur";2024;3;1
"2024-04-01";32.7;24.9;40.5;25;"";1006.3;0;"Badlapur";2024;4;1
"2024-05-01";35.4;27.7;43.1;1;"";1001.8;0;"Badlapur";2024;5;1
"2024-06-01";31.7;25.6;37.7;147;"";1000.7;0;"Badlapur";2024;6;1
"2024-07-01";27.6;24.1;31.1;438;"";998.7;0;"Badlapur";2024;7;1
"2024-08-01";27.8;24.1;31.5;232;"";1003.5;0;"Badlapur";2024;8;1
"2024-09-01";28.5;24.6;32.4;116;"";1003.9;0;"Badlapur";2024;9;1
"2024-10-01";26.6;22.3;32.0;75;"";1010.1;0;"Badlapur";2024;10;1
"2024-11-01";23.1;17.1;29.7;0;"";1013.6;0;"Badlapur";2024;11;1
"2024-12-01";22.1;16.6;28.7;9;"";1013.7;0;"Badlapur";2024;12;1
"2025-01-01";22.3;15.7;29.8;0;"";1014.0;0;"Badlapur";2025;1;1
"2025-02-01";25.9;18.9;33.5;0;"";1013.3;0;"Badlapur";2025;2;1
"2025-03-01";30.5;21.0;39.9;0;"";1009.1;0;"Badlapur";2025;3;1
"2025-04-01";33.3;26.3;40.6;1;"";1006.7;0;"Badlapur";2025;4;1
"2025-05-01";31.5;26.4;37.6;74;"";1004.1;0;"Badlapur";2025;5;1
"2025-06-01";29.8;26.0;34.8;187;"";1002.3;0;"Badlapur";2025;6;1
"2025-07-01";26.8;24.5;30.0;255;"";1002.3;0;"Badlapur";2025;7;1
"2025-08-01";26.5;23.9;30.1;333;"";1004.7;0;"Badlapur";2025;8;1
"2025-09-01";26.0;23.2;30.0;339;"";1006.0;0;"Badlapur";2025;9;1
"2025-10-01";25.9;21.9;30.7;93;"";1009.8;0;"Badlapur";2025;10;1
"2025-11-01";21.5;15.9;27.9;4;"";1014.6;0;"Badlapur";2025;11;1
"2025-12-01";19.4;12.4;27.5;0;"";1015.7;0;"Badlapur";2025;12;1
"2021-02-01";24.6;18.9;30.2;3;"";1013.4;0;"Barshi";2021;2;1
"2021-03-01";29.3;22.7;35.2;2;"";1010.9;0;"Barshi";2021;3;1
"2021-04-01";31.1;25.1;36.7;1;"";1009.3;0;"Barshi";2021;4;1
"2021-05-01";29.5;25.3;34.5;25;"";1006.8;0;"Barshi";2021;5;1
"2021-06-01";25.9;23.3;29.5;63;"";1007.0;0;"Barshi";2021;6;1
"2021-07-01";25.7;23.4;29.0;161;"";1005.3;0;"Barshi";2021;7;1
"2021-08-01";25.6;22.7;29.8;78;"";1007.3;0;"Barshi";2021;8;1
"2021-09-01";24.9;22.4;28.3;164;"";1006.7;0;"Barshi";2021;9;1
"2021-10-01";25.4;21.2;30.0;90;"";1010.0;0;"Barshi";2021;10;1
"2021-11-01";24.8;20.9;29.6;85;"";1011.3;0;"Barshi";2021;11;1
"2021-12-01";22.4;18.0;27.4;43;"";1014.7;0;"Barshi";2021;12;1
"2022-01-01";22.0;16.8;27.5;1;"";1013.6;0;"Barshi";2022;1;1
"2022-02-01";25.2;19.0;31.3;0;"";1011.5;0;"Barshi";2022;2;1
"2022-03-01";30.1;23.6;36.1;0;"";1009.5;0;"Barshi";2022;3;1
"2022-04-01";33.0;26.6;39.4;0;"";1007.5;0;"Barshi";2022;4;1
"2022-06-01";27.9;24.3;33.2;143;"";1005.3;0;"Barshi";2022;6;1
"2022-07-01";24.8;22.8;27.8;274;"";1005.4;0;"Barshi";2022;7;1
"2022-08-01";25.4;22.8;29.2;197;"";1005.4;0;"Barshi";2022;8;1
"2022-09-01";24.8;22.4;28.9;226;"";1007.8;0;"Barshi";2022;9;1
"2022-10-01";23.9;20.3;28.6;152;"";1011.3;0;"Barshi";2022;10;1
"2022-11-01";24.5;19.1;30.1;0;"";1013.1;0;"Barshi";2022;11;1
"2022-12-01";24.1;19.2;29.6;20;"";1012.9;0;"Barshi";2022;12;1
"2023-01-01";23.6;17.8;29.3;0;"";1014.2;0;"Barshi";2023;1;1
"2023-02-01";26.0;19.1;32.8;0;"";1013.6;0;"Barshi";2023;2;1
"2023-03-01";27.4;21.4;33.2;0;"";1011.9;0;"Barshi";2023;3;1
"2023-04-01";29.5;23.8;35.2;32;"";1009.7;0;"Barshi";2023;4;1
"2023-05-01";31.5;25.6;37.8;7;"";1008.3;0;"Barshi";2023;5;1
"2023-06-01";29.5;25.0;35.4;55;"";1006.4;0;"Barshi";2023;6;1
"2023-07-01";25.2;23.2;28.7;319;"";1006.0;0;"Barshi";2023;7;1
"2023-08-01";25.9;22.5;30.7;26;"";1008.6;0;"Barshi";2023;8;1
"2023-09-01";25.7;22.8;30.5;197;"";1007.5;0;"Barshi";2023;9;1
"2023-10-01";26.6;21.5;32.0;32;"";1012.2;0;"Barshi";2023;10;1
"2023-11-01";25.8;21.3;30.8;37;"";1013.4;0;"Barshi";2023;11;1
"2023-12-01";22.6;17.7;28.1;1;"";1014.4;0;"Barshi";2023;12;1
"2024-01-01";23.8;18.4;29.4;1;"";1014.2;0;"Barshi";2024;1;1
"2024-02-01";26.7;20.3;32.9;0;"";1014.0;0;"Barshi";2024;2;1
"2024-03-01";30.0;23.3;36.3;0;"";1011.5;0;"Barshi";2024;3;1
"2024-04-01";33.3;27.1;39.3;5;"";1008.0;0;"Barshi";2024;4;1
"2024-05-01";32.3;26.3;39.5;6;"";1005.7;0;"Barshi";2024;5;1
"2024-06-01";26.8;24.3;31.2;282;"";1005.5;0;"Barshi";2024;6;1
"2024-07-01";25.2;23.4;28.3;293;"";1003.8;0;"Barshi";2024;7;1
"2024-10-01";25.1;21.6;30.0;176;"";1010.6;0;"Barshi";2024;10;1
"2024-11-01";23.5;18.3;29.5;5;"";1013.1;0;"Barshi";2024;11;1
"2025-01-01";22.4;16.8;30.2;0;"";1013.5;0;"Barshi";2025;1;1
"2025-02-01";25.5;19.1;33.9;0;"";1013.2;0;"Barshi";2025;2;1
"2025-04-01";31.8;24.5;39.6;4;"";1007.5;0;"Barshi";2025;4;1
"2025-05-01";28.1;24.0;34.4;209;"";1005.5;0;"Barshi";2025;5;1
"2025-06-01";26.6;23.5;31.9;132;"";1005.2;0;"Barshi";2025;6;1
"2025-07-01";25.6;23.1;29.9;105;"";1005.2;0;"Barshi";2025;7;1
"2025-08-01";24.9;22.4;29.2;245;"";1007.1;0;"Barshi";2025;8;1
"2025-09-01";24.4;21.9;28.1;313;"";1008.1;0;"Barshi";2025;9;1
"2025-10-01";24.9;21.1;29.7;79;"";1010.3;0;"Barshi";2025;10;1
"2025-11-01";23.1;17.7;29.2;4;"";1014.3;0;"Barshi";2025;11;1
"2025-12-01";21.3;14.7;28.7;0;"";1014.9;0;"Barshi";2025;12;1
"2021-02-01";23.3;16.2;30.8;9;"";1013.9;0;"Beed";2021;2;1
"2021-03-01";28.3;20.8;35.8;1;"";1011.1;0;"Beed";2021;3;1
"2021-04-01";31.3;24.4;38.5;1;"";1008.8;0;"Beed";2021;4;1
"2021-05-01";31.3;25.6;37.7;23;"";1005.9;0;"Beed";2021;5;1
"2021-06-01";27.7;24.0;32.7;83;"";1005.7;0;"Beed";2021;6;1
"2021-07-01";26.4;23.3;30.7;252;"";1004.0;0;"Beed";2021;7;1
"2021-08-01";25.6;22.4;29.6;264;"";1006.3;0;"Beed";2021;8;1
"2021-09-01";24.7;22.1;28.5;306;"";1005.8;0;"Beed";2021;9;1
"2021-10-01";24.1;19.5;29.5;79;"";1010.2;0;"Beed";2021;10;1
"2021-11-01";23.9;18.8;30.0;31;"";1011.8;0;"Beed";2021;11;1
"2021-12-01";21.3;15.7;27.8;22;"";1015.3;0;"Beed";2021;12;1
"2022-01-01";19.7;13.8;26.4;4;"";1014.3;0;"Beed";2022;1;1
"2022-02-01";23.5;16.1;31.2;0;"";1012.0;0;"Beed";2022;2;1
"2022-03-01";29.3;22.1;36.6;0;"";1009.8;0;"Beed";2022;3;1
"2022-04-01";33.3;25.4;40.6;0;"";1007.2;0;"Beed";2022;4;1
"2022-06-01";29.1;24.7;35.3;164;"";1004.4;0;"Beed";2022;6;1
"2022-07-01";24.8;22.6;28.3;397;"";1004.3;0;"Beed";2022;7;1
"2022-08-01";25.2;22.3;29.1;188;"";1004.6;0;"Beed";2022;8;1
"2022-09-01";24.6;21.8;28.8;300;"";1007.3;0;"Beed";2022;9;1
"2022-10-01";23.3;19.4;28.3;165;"";1011.5;0;"Beed";2022;10;1
"2022-11-01";21.7;15.5;28.6;0;"";1014.0;0;"Beed";2022;11;1
"2022-12-01";22.3;16.6;29.1;7;"";1013.6;0;"Beed";2022;12;1
"2023-01-01";21.0;14.6;28.4;3;"";1014.8;0;"Beed";2023;1;1
"2023-02-01";22.9;15.4;31.3;0;"";1014.3;0;"Beed";2023;2;1
"2023-03-01";25.5;18.6;32.8;12;"";1012.4;0;"Beed";2023;3;1
"2023-04-01";28.8;22.3;36.2;15;"";1009.9;0;"Beed";2023;4;1
"2023-05-01";31.9;25.0;38.8;0;"";1008.0;0;"Beed";2023;5;1
"2023-06-01";30.6;25.4;36.9;57;"";1005.3;0;"Beed";2023;6;1
"2023-07-01";25.6;23.2;29.4;410;"";1004.8;0;"Beed";2023;7;1
"2023-08-01";25.4;22.1;29.5;68;"";1007.8;0;"Beed";2023;8;1
"2023-09-01";25.3;22.4;29.5;222;"";1006.9;0;"Beed";2023;9;1
"2023-10-01";24.8;19.0;31.1;0;"";1012.7;0;"Beed";2023;10;1
"2023-11-01";24.0;18.5;30.1;37;"";1014.1;0;"Beed";2023;11;1
"2023-12-01";20.8;15.5;27.2;32;"";1015.2;0;"Beed";2023;12;1
"2024-01-01";21.2;15.3;28.2;1;"";1015.0;0;"Beed";2024;1;1
"2024-02-01";24.2;17.2;31.7;2;"";1014.7;0;"Beed";2024;2;1
"2024-03-01";28.1;20.9;35.6;1;"";1012.0;0;"Beed";2024;3;1
"2024-04-01";31.8;25.0;39.2;10;"";1008.6;0;"Beed";2024;4;1
"2024-05-01";33.2;26.5;40.6;8;"";1005.1;0;"Beed";2024;5;1
"2024-06-01";28.1;24.4;33.7;233;"";1004.6;0;"Beed";2024;6;1
"2024-07-01";25.5;23.4;28.8;416;"";1002.5;0;"Beed";2024;7;1
"2024-09-01";25.7;21.8;30.4;192;"";1007.3;0;"Beed";2024;9;1
"2024-10-01";25.1;21.1;30.3;86;"";1010.8;0;"Beed";2024;10;1
"2024-11-01";22.6;16.8;28.8;0;"";1013.9;0;"Beed";2024;11;1
"2025-01-01";21.8;15.7;28.9;0;"";1014.1;0;"Beed";2025;1;1
"2025-02-01";25.2;18.5;32.5;0;"";1013.7;0;"Beed";2025;2;1
"2025-04-01";32.0;24.7;39.1;1;"";1007.7;0;"Beed";2025;4;1
"2025-05-01";29.1;24.4;35.2;158;"";1005.3;0;"Beed";2025;5;1
"2025-06-01";27.7;24.0;32.8;129;"";1003.9;0;"Beed";2025;6;1
"2025-07-01";25.7;23.1;29.6;207;"";1003.8;0;"Beed";2025;7;1
"2025-08-01";25.1;22.5;29.0;250;"";1006.1;0;"Beed";2025;8;1
"2025-09-01";24.6;21.9;28.6;276;"";1007.3;0;"Beed";2025;9;1
"2025-10-01";24.8;20.7;29.9;112;"";1010.4;0;"Beed";2025;10;1
"2025-11-01";21.1;15.5;27.5;18;"";1014.9;0;"Beed";2025;11;1
"2025-12-01";19.2;12.2;27.2;0;"";1015.7;0;"Beed";2025;12;1
"2020-01-01";24.9;19.2;29.9;0;"";1013.4;13800;"Bhiwandi";2020;1;1
"2020-02-01";27.3;21.0;32.6;0;"";1012.7;11220;"Bhiwandi";2020;2;1
"2020-03-01";27.7;22.6;31.9;0;"";1011.2;12900;"Bhiwandi";2020;3;1
"2020-04-01";30.2;26.4;33.9;0;"";1009.6;14220;"Bhiwandi";2020;4;1
"2020-05-01";31.1;28.6;34.0;0;"";1007.3;15960;"Bhiwandi";2020;5;1
"2020-06-01";29.2;26.0;32.3;525;"";1003.7;8340;"Bhiwandi";2020;6;1
"2020-07-01";28.1;25.4;30.5;1502;"";1003.2;4620;"Bhiwandi";2020;7;1
"2020-08-01";27.6;25.0;29.6;827;"";1003.3;2760;"Bhiwandi";2020;8;1
"2020-09-01";28.4;25.3;31.4;320;"";1005.6;7080;"Bhiwandi";2020;9;1
"2020-10-01";29.2;25.6;32.7;224;"";1007.3;7920;"Bhiwandi";2020;10;1
"2020-11-01";28.7;23.1;33.9;0;"";1011.8;12720;"Bhiwandi";2020;11;1
"2020-12-01";26.6;20.8;32.3;25;"";1012.0;11400;"Bhiwandi";2020;12;1
"2021-01-01";25.9;20.5;30.9;1;"";1011.1;11100;"Bhiwandi";2021;1;1
"2021-02-01";27.3;21.4;32.9;0;"";1012.1;11280;"Bhiwandi";2021;2;1
"2021-03-01";29.7;23.9;35.0;0;"";1010.0;13200;"Bhiwandi";2021;3;1
"2021-04-01";30.0;26.2;33.6;0;"";1009.1;13620;"Bhiwandi";2021;4;1
"2021-05-01";30.7;27.8;33.8;154;"";1005.5;12000;"Bhiwandi";2021;5;1
"2021-06-01";28.6;25.5;31.5;317;"";1005.3;6360;"Bhiwandi";2021;6;1
"2021-07-01";28.6;25.7;30.8;774;"";1003.8;4800;"Bhiwandi";2021;7;1
"2021-08-01";27.8;25.1;30.0;295;"";1006.3;5520;"Bhiwandi";2021;8;1
"2021-09-01";27.7;24.8;30.1;437;"";1005.1;5820;"Bhiwandi";2021;9;1
"2021-10-01";29.4;25.2;33.5;32;"";1008.6;13620;"Bhiwandi";2021;10;1
"2021-11-01";29.5;25.0;34.1;50;"";1009.2;12720;"Bhiwandi";2021;11;1
"2021-12-01";25.8;21.0;30.6;103;"";1013.3;10080;"Bhiwandi";2021;12;1
"2022-01-01";24.5;19.3;29.3;10;"";1012.9;11940;"Bhiwandi";2022;1;1
"2022-02-01";25.3;19.3;30.5;0;"";1011.3;14220;"Bhiwandi";2022;2;1
"2022-03-01";30.0;24.7;34.9;0;"";1008.9;9240;"Bhiwandi";2022;3;1
"2022-04-01";30.6;26.8;34.5;0;"";1008.0;12120;"Bhiwandi";2022;4;1
"2022-05-01";30.9;28.8;34.0;7;"";1005.7;13080;"Bhiwandi";2022;5;1
"2022-06-01";29.3;26.6;32.9;298;"";1004.4;7860;"Bhiwandi";2022;6;1
"2022-07-01";27.8;25.3;29.8;1185;"";1004.0;3060;"Bhiwandi";2022;7;1
"2022-08-01";27.7;25.1;30.3;551;"";1004.2;5160;"Bhiwandi";2022;8;1
"2022-09-01";27.5;24.7;30.2;528;"";1006.6;5700;"Bhiwandi";2022;9;1
"2022-10-01";28.4;24.5;32.4;166;"";1009.8;11700;"Bhiwandi";2022;10;1
"2022-11-01";27.9;21.9;33.6;0;"";1011.7;12180;"Bhiwandi";2022;11;1
"2022-12-01";27.3;21.8;32.5;6;"";1011.4;10680;"Bhiwandi";2022;12;1
"2023-01-01";24.4;18.7;29.5;0;"";1013.4;11520;"Bhiwandi";2023;1;1
"2023-02-01";28.1;20.6;34.2;0;"";1012.4;13980;"Bhiwandi";2023;2;1
"2023-03-01";28.9;23.6;33.5;21;"";1011.2;12120;"Bhiwandi";2023;3;1
"2023-04-01";30.0;25.8;33.8;15;"";1009.0;14220;"Bhiwandi";2023;4;1
"2023-05-01";30.8;28.3;33.6;1;"";1008.8;17220;"Bhiwandi";2023;5;1
"2023-06-01";30.4;27.8;33.7;561;"";1005.7;11460;"Bhiwandi";2023;6;1
"2023-07-01";27.8;25.3;29.4;1769;"";1004.7;1680;"Bhiwandi";2023;7;1
"2023-08-01";28.6;26.3;30.8;187;"";1007.9;7140;"Bhiwandi";2023;8;1
"2023-09-01";28.2;25.2;31.0;484;"";1006.6;6660;"Bhiwandi";2023;9;1
"2023-10-01";30.2;25.8;34.5;13;"";1011.0;10200;"Bhiwandi";2023;10;1
"2023-11-01";29.4;24.3;34.4;7;"";1011.7;11040;"Bhiwandi";2023;11;1
"2023-12-01";27.9;22.8;32.9;0;"";1012.3;10140;"Bhiwandi";2023;12;1
"2024-01-01";26.3;19.9;31.3;1;"";1013.2;12240;"Bhiwandi";2024;1;1
"2024-02-01";27.1;20.6;32.6;0;"";1013.5;14700;"Bhiwandi";2024;2;1
"2024-03-01";28.3;23.2;32.8;0;"";1011.9;14340;"Bhiwandi";2024;3;1
"2024-04-01";30.7;26.6;34.7;0;"";1008.2;14340;"Bhiwandi";2024;4;1
"2024-05-01";31.1;28.6;34.2;1;"";1005.9;0;"Bhiwandi";2024;5;1
"2024-06-01";29.7;27.2;33.2;351;"";1004.0;6780;"Bhiwandi";2024;6;1
"2024-07-01";27.5;25.3;29.8;1664;"";1002.1;1020;"Bhiwandi";2024;7;1
"2024-08-01";28.2;26.3;30.9;391;"";1005.7;5700;"Bhiwandi";2024;8;1
"2024-09-01";27.7;25.2;30.6;659;"";1006.5;8040;"Bhiwandi";2024;9;1
"2024-10-01";29.3;25.6;33.3;112;"";1008.8;11040;"Bhiwandi";2024;10;1
"2024-11-01";28.4;22.6;34.1;1;"";1011.2;10560;"Bhiwandi";2024;11;1
"2024-12-01";26.2;20.6;32.0;0;"";1011.7;8040;"Bhiwandi";2024;12;1
"2025-01-01";26.2;20.0;32.2;0;"";1011.9;11100;"Bhiwandi";2025;1;1
"2025-02-01";28.0;21.2;34.0;0;"";1012.2;13560;"Bhiwandi";2025;2;1
"2025-03-01";29.3;24.2;34.4;0;"";1010.0;13680;"Bhiwandi";2025;3;1
"2025-04-01";30.2;26.7;34.1;1;"";1008.2;13800;"Bhiwandi";2025;4;1
"2025-05-01";29.5;25.8;32.9;237;"";1005.0;10140;"Bhiwandi";2025;5;1
"2025-06-01";28.6;26.2;31.4;511;"";1003.6;5460;"Bhiwandi";2025;6;1
"2025-07-01";28.1;26.0;30.0;802;"";1003.5;2760;"Bhiwandi";2025;7;1
"2025-08-01";27.4;25.5;29.5;1098;"";1005.7;4500;"Bhiwandi";2025;8;1
"2025-09-01";27.0;25.4;29.0;481;"";1007.2;4020;"Bhiwandi";2025;9;1
"2025-10-01";29.1;26.3;32.8;170;"";1008.0;10800;"Bhiwandi";2025;10;1
"2025-11-01";27.8;24.3;32.0;9;"";1012.5;11880;"Bhiwandi";2025;11;1
"2025-12-01";27.0;22.8;32.1;0;"";1012.9;11700;"Bhiwandi";2025;12;1
"2021-02-01";25.0;15.9;33.1;0;"";1013.4;0;"Bhusawal";2021;2;1
"2021-03-01";29.7;20.0;38.1;0;"";1010.3;0;"Bhusawal";2021;3;1
"2021-04-01";33.0;25.3;40.6;0;"";1007.9;0;"Bhusawal";2021;4;1
"2021-05-01";33.4;27.5;40.0;2;"";1004.7;0;"Bhusawal";2021;5;1
"2021-06-01";30.8;26.7;36.4;43;"";1003.9;0;"Bhusawal";2021;6;1
"2021-07-01";28.8;25.5;33.3;168;"";1002.3;0;"Bhusawal";2021;7;1
"2021-08-01";27.5;24.4;31.4;157;"";1005.0;0;"Bhusawal";2021;8;1
"2021-09-01";26.6;24.0;30.8;371;"";1004.3;0;"Bhusawal";2021;9;1
"2021-10-01";25.6;21.1;32.0;70;"";1009.4;0;"Bhusawal";2021;10;1
"2021-11-01";25.0;19.3;31.6;12;"";1011.3;0;"Bhusawal";2021;11;1
"2021-12-01";21.6;15.8;28.2;31;"";1015.1;0;"Bhusawal";2021;12;1
"2022-01-01";20.6;14.3;27.6;2;"";1014.2;0;"Bhusawal";2022;1;1
"2022-02-01";23.9;14.8;32.4;0;"";1011.7;0;"Bhusawal";2022;2;1
"2022-03-01";30.1;21.2;38.4;2;"";1009.1;0;"Bhusawal";2022;3;1
"2022-04-01";34.6;26.4;42.9;0;"";1006.2;0;"Bhusawal";2022;4;1
"2022-06-01";31.5;26.4;38.0;119;"";1002.9;0;"Bhusawal";2022;6;1
"2022-07-01";26.5;24.2;30.2;545;"";1002.7;0;"Bhusawal";2022;7;1
"2022-08-01";26.7;24.0;31.0;230;"";1003.3;0;"Bhusawal";2022;8;1
"2022-09-01";26.5;23.7;31.4;240;"";1006.1;0;"Bhusawal";2022;9;1
"2022-10-01";25.5;20.8;32.3;92;"";1010.5;0;"Bhusawal";2022;10;1
"2022-11-01";23.5;16.5;31.5;0;"";1013.5;0;"Bhusawal";2022;11;1
"2022-12-01";23.4;17.6;30.7;17;"";1012.9;0;"Bhusawal";2022;12;1
"2023-01-01";21.2;14.3;28.9;3;"";1014.7;0;"Bhusawal";2023;1;1
"2023-02-01";23.5;14.0;34.1;0;"";1013.9;0;"Bhusawal";2023;2;1
"2023-03-01";26.9;19.9;34.8;20;"";1011.7;0;"Bhusawal";2023;3;1
"2023-04-01";30.9;24.1;38.7;18;"";1008.8;0;"Bhusawal";2023;4;1
"2023-05-01";33.6;26.7;40.8;2;"";1006.9;0;"Bhusawal";2023;5;1
"2023-06-01";32.3;27.5;38.4;105;"";1003.9;0;"Bhusawal";2023;6;1
"2023-07-01";27.2;24.8;31.1;413;"";1003.2;0;"Bhusawal";2023;7;1
"2023-08-01";27.0;23.8;31.1;82;"";1006.3;0;"Bhusawal";2023;8;1
"2023-09-01";27.1;24.1;31.5;233;"";1005.5;0;"Bhusawal";2023;9;1
"2023-10-01";26.8;20.9;34.1;0;"";1011.6;0;"Bhusawal";2023;10;1
"2023-11-01";25.1;19.5;31.9;58;"";1013.5;0;"Bhusawal";2023;11;1
"2023-12-01";22.2;17.3;29.0;1;"";1014.7;0;"Bhusawal";2023;12;1
"2024-01-01";22.4;16.3;29.7;1;"";1014.5;0;"Bhusawal";2024;1;1
"2024-02-01";25.4;18.3;33.1;0;"";1014.1;0;"Bhusawal";2024;2;1
"2024-03-01";28.8;21.2;37.0;0;"";1011.2;0;"Bhusawal";2024;3;1
"2024-04-01";33.5;26.3;41.1;8;"";1007.5;0;"Bhusawal";2024;4;1
"2024-05-01";35.4;28.8;42.6;1;"";1003.7;0;"Bhusawal";2024;5;1
"2024-06-01";31.1;26.9;37.2;193;"";1002.8;0;"Bhusawal";2024;6;1
"2024-07-01";27.2;25.0;30.8;572;"";1000.7;0;"Bhusawal";2024;7;1
"2024-10-01";26.9;22.7;32.9;91;"";1009.6;0;"Bhusawal";2024;10;1
"2024-11-01";23.3;17.4;30.8;0;"";1013.3;0;"Bhusawal";2024;11;1
"2025-01-01";21.0;15.3;29.0;0;"";1013.8;0;"Bhusawal";2025;1;1
"2025-02-01";23.9;17.2;32.3;0;"";1013.4;0;"Bhusawal";2025;2;1
"2025-04-01";33.3;25.6;41.3;0;"";1006.6;0;"Bhusawal";2025;4;1
"2025-05-01";30.9;26.3;36.9;34;"";1004.1;0;"Bhusawal";2025;5;1
"2025-06-01";29.6;25.9;34.7;224;"";1002.2;0;"Bhusawal";2025;6;1
"2025-07-01";27.1;24.6;31.0;165;"";1002.3;0;"Bhusawal";2025;7;1
"2025-08-01";26.8;24.2;30.7;215;"";1004.6;0;"Bhusawal";2025;8;1
"2025-09-01";26.2;23.7;30.1;318;"";1006.1;0;"Bhusawal";2025;9;1
"2025-10-01";26.0;21.9;31.2;87;"";1009.6;0;"Bhusawal";2025;10;1
"2025-11-01";22.7;17.0;29.5;12;"";1014.4;0;"Bhusawal";2025;11;1
"2025-12-01";20.3;13.8;28.7;0;"";1015.5;0;"Bhusawal";2025;12;1
"2021-02-01";24.7;17.4;32.8;4;"";1013.3;0;"Chandrapur";2021;2;1
"2021-03-01";29.6;22.2;38.3;0;"";1010.3;0;"Chandrapur";2021;3;1
"2021-04-01";32.6;25.3;40.4;11;"";1007.7;0;"Chandrapur";2021;4;1
"2021-05-01";34.0;28.5;40.5;21;"";1004.3;0;"Chandrapur";2021;5;1
"2021-06-01";29.7;24.7;34.5;337;"";1003.6;0;"Chandrapur";2021;6;1
"2021-07-01";28.2;24.7;32.0;355;"";1002.1;0;"Chandrapur";2021;7;1
"2021-08-01";28.0;24.4;31.8;194;"";1004.3;0;"Chandrapur";2021;8;1
"2021-09-01";27.1;23.9;31.1;314;"";1004.3;0;"Chandrapur";2021;9;1
"2021-10-01";26.2;21.7;32.1;72;"";1008.8;0;"Chandrapur";2021;10;1
"2021-11-01";25.0;20.1;31.1;42;"";1011.5;0;"Chandrapur";2021;11;1
"2021-12-01";22.1;15.9;28.6;13;"";1015.1;0;"Chandrapur";2021;12;1
"2022-01-01";20.3;14.8;26.9;33;"";1014.2;0;"Chandrapur";2022;1;1
"2022-02-01";23.5;16.5;31.0;2;"";1012.0;0;"Chandrapur";2022;2;1
"2022-03-01";29.6;21.6;38.2;0;"";1008.9;0;"Chandrapur";2022;3;1
"2022-04-01";34.4;27.4;42.5;0;"";1006.0;0;"Chandrapur";2022;4;1
"2022-06-01";32.2;27.8;38.4;147;"";1002.1;0;"Chandrapur";2022;6;1
"2022-07-01";26.4;24.2;29.7;927;"";1002.0;0;"Chandrapur";2022;7;1
"2022-08-01";27.2;24.3;31.0;378;"";1002.8;0;"Chandrapur";2022;8;1
"2022-09-01";26.8;24.0;31.1;278;"";1005.5;0;"Chandrapur";2022;9;1
"2022-10-01";25.2;20.9;31.2;116;"";1010.2;0;"Chandrapur";2022;10;1
"2022-11-01";22.8;16.5;29.9;0;"";1013.3;0;"Chandrapur";2022;11;1
"2022-12-01";23.0;17.1;30.0;16;"";1013.1;0;"Chandrapur";2022;12;1
"2023-01-01";22.4;16.1;29.5;1;"";1014.6;0;"Chandrapur";2023;1;1
"2023-02-01";24.7;16.8;33.2;0;"";1013.4;0;"Chandrapur";2023;2;1
"2023-03-01";27.8;20.9;35.6;30;"";1011.4;0;"Chandrapur";2023;3;1
"2023-04-01";31.0;23.6;38.4;32;"";1009.0;0;"Chandrapur";2023;4;1
"2023-05-01";33.2;25.7;39.8;57;"";1006.3;0;"Chandrapur";2023;5;1
"2023-06-01";34.1;29.0;39.5;84;"";1002.6;0;"Chandrapur";2023;6;1
"2023-07-01";28.0;24.9;31.8;665;"";1002.4;0;"Chandrapur";2023;7;1
"2023-08-01";27.9;24.5;32.1;186;"";1005.5;0;"Chandrapur";2023;8;1
"2023-09-01";27.7;24.1;31.4;300;"";1004.8;0;"Chandrapur";2023;9;1
"2023-10-01";27.2;21.1;33.4;40;"";1011.2;0;"Chandrapur";2023;10;1
"2023-11-01";25.7;19.8;31.8;13;"";1013.7;0;"Chandrapur";2023;11;1
"2023-12-01";22.0;16.1;28.7;20;"";1014.9;0;"Chandrapur";2023;12;1
"2024-01-01";23.5;17.6;30.5;1;"";1014.6;0;"Chandrapur";2024;1;1
"2024-02-01";26.4;19.3;33.5;12;"";1014.1;0;"Chandrapur";2024;2;1
"2024-03-01";29.9;22.5;37.7;14;"";1011.0;0;"Chandrapur";2024;3;1
"2024-04-01";33.0;25.3;39.8;34;"";1007.8;0;"Chandrapur";2024;4;1
"2024-05-01";34.5;26.9;41.5;20;"";1003.5;0;"Chandrapur";2024;5;1
"2024-06-01";32.4;26.0;38.3;230;"";1002.5;0;"Chandrapur";2024;6;1
"2024-07-01";28.5;23.3;30.9;1006;"";1000.5;0;"Chandrapur";2024;7;1
"2024-10-01";28.3;23.2;33.5;106;"";1009.4;0;"Chandrapur";2024;10;1
"2024-11-01";23.9;18.2;30.4;0;"";1013.1;0;"Chandrapur";2024;11;1
"2025-01-01";22.8;16.3;30.4;0;"";1013.9;0;"Chandrapur";2025;1;1
"2025-02-01";27.1;19.3;34.8;50;"";1012.7;0;"Chandrapur";2025;2;1
"2025-04-01";33.7;26.4;41.8;9;"";1006.4;0;"Chandrapur";2025;4;1
"2025-05-01";32.3;26.0;38.6;124;"";1003.5;0;"Chandrapur";2025;5;1
"2025-06-01";30.4;25.5;35.6;249;"";1001.9;0;"Chandrapur";2025;6;1
"2025-07-01";27.6;24.4;30.7;519;"";1001.7;0;"Chandrapur";2025;7;1
"2025-08-01";28.0;24.4;31.6;328;"";1004.0;0;"Chandrapur";2025;8;1
"2025-09-01";26.6;23.9;30.6;350;"";1005.3;0;"Chandrapur";2025;9;1
"2025-10-01";26.5;22.9;31.2;111;"";1009.1;0;"Chandrapur";2025;10;1
"2025-11-01";22.5;16.8;29.1;2;"";1014.1;0;"Chandrapur";2025;11;1
"2025-12-01";20.2;13.4;28.1;0;"";1015.3;0;"Chandrapur";2025;12;1
"2021-02-01";23.4;16.4;30.8;1;"";1014.0;0;"Dhule";2021;2;1
"2021-03-01";28.3;20.9;35.9;0;"";1011.1;0;"Dhule";2021;3;1
"2021-04-01";31.4;24.2;38.5;0;"";1009.0;0;"Dhule";2021;4;1
"2021-05-01";30.7;24.9;37.5;14;"";1005.9;0;"Dhule";2021;5;1
"2021-06-01";28.1;24.4;33.7;71;"";1005.3;0;"Dhule";2021;6;1
"2021-07-01";26.9;23.9;31.8;220;"";1003.7;0;"Dhule";2021;7;1
"2021-08-01";25.8;22.7;30.1;151;"";1006.0;0;"Dhule";2021;8;1
"2021-09-01";25.2;22.6;29.2;317;"";1005.2;0;"Dhule";2021;9;1
"2021-10-01";24.5;19.8;29.9;77;"";1009.8;0;"Dhule";2021;10;1
"2021-11-01";24.2;18.4;30.4;19;"";1011.3;0;"Dhule";2021;11;1
"2021-12-01";20.4;15.3;26.4;70;"";1014.8;0;"Dhule";2021;12;1
"2022-01-01";19.3;13.2;26.4;3;"";1014.0;0;"Dhule";2022;1;1
"2022-02-01";23.0;15.0;31.2;0;"";1011.7;0;"Dhule";2022;2;1
"2022-03-01";29.1;20.5;36.7;1;"";1009.8;0;"Dhule";2022;3;1
"2022-04-01";33.1;25.2;40.8;0;"";1007.6;0;"Dhule";2022;4;1
"2022-06-01";28.8;24.3;35.3;146;"";1004.4;0;"Dhule";2022;6;1
"2022-07-01";25.4;23.2;28.9;432;"";1003.9;0;"Dhule";2022;7;1
"2022-08-01";25.5;22.8;29.5;116;"";1004.3;0;"Dhule";2022;8;1
"2022-09-01";24.9;22.1;29.3;247;"";1007.2;0;"Dhule";2022;9;1
"2022-10-01";24.1;19.7;29.5;76;"";1011.4;0;"Dhule";2022;10;1
"2022-11-01";23.0;16.8;29.7;0;"";1013.9;0;"Dhule";2022;11;1
"2022-12-01";22.4;16.7;29.3;27;"";1013.5;0;"Dhule";2022;12;1
"2023-01-01";20.5;14.1;28.1;1;"";1015.0;0;"Dhule";2023;1;1
"2023-02-01";23.4;15.8;31.9;0;"";1014.2;0;"Dhule";2023;2;1
"2023-03-01";25.6;18.7;33.1;8;"";1012.3;0;"Dhule";2023;3;1
"2023-04-01";29.4;22.6;36.8;22;"";1009.6;0;"Dhule";2023;4;1
"2023-05-01";31.4;24.6;38.7;1;"";1008.3;0;"Dhule";2023;5;1
"2023-06-01";29.8;24.9;36.2;76;"";1005.4;0;"Dhule";2023;6;1
"2023-07-01";26.0;23.9;29.9;236;"";1004.5;0;"Dhule";2023;7;1
"2023-08-01";26.0;22.9;30.3;21;"";1007.5;0;"Dhule";2023;8;1
"2023-09-01";25.9;22.8;30.4;193;"";1006.8;0;"Dhule";2023;9;1
"2023-10-01";27.0;20.9;33.2;1;"";1012.5;0;"Dhule";2023;10;1
"2023-11-01";25.0;19.6;31.3;51;"";1014.0;0;"Dhule";2023;11;1
"2023-12-01";21.9;16.4;28.5;3;"";1015.0;0;"Dhule";2023;12;1
"2024-01-01";21.5;15.2;28.8;6;"";1015.0;0;"Dhule";2024;1;1
"2024-02-01";24.1;17.0;31.8;0;"";1014.8;0;"Dhule";2024;2;1
"2024-03-01";27.9;20.3;36.1;0;"";1012.2;0;"Dhule";2024;3;1
"2024-04-01";32.4;25.2;39.6;0;"";1008.5;0;"Dhule";2024;4;1
"2024-05-01";33.1;26.3;40.6;11;"";1005.4;0;"Dhule";2024;5;1
"2024-06-01";28.7;25.0;34.7;193;"";1004.3;0;"Dhule";2024;6;1
"2024-07-01";26.3;24.2;29.9;396;"";1002.0;0;"Dhule";2024;7;1
"2024-10-01";25.3;21.3;30.5;123;"";1010.5;0;"Dhule";2024;10;1
"2024-11-01";23.1;17.4;29.8;0;"";1013.7;0;"Dhule";2024;11;1
"2025-01-01";21.1;15.1;28.4;0;"";1014.2;0;"Dhule";2025;1;1
"2025-02-01";24.0;17.2;32.0;0;"";1013.9;0;"Dhule";2025;2;1
"2025-04-01";32.2;24.9;39.8;0;"";1007.7;0;"Dhule";2025;4;1
"2025-05-01";29.2;24.6;35.8;83;"";1005.3;0;"Dhule";2025;5;1
"2025-06-01";27.7;24.2;32.9;207;"";1003.6;0;"Dhule";2025;6;1
"2025-07-01";26.0;23.5;29.8;130;"";1003.7;0;"Dhule";2025;7;1
"2025-08-01";25.5;22.8;29.7;237;"";1005.9;0;"Dhule";2025;8;1
"2025-09-01";24.8;22.0;29.0;350;"";1007.3;0;"Dhule";2025;9;1
"2025-10-01";24.5;20.5;29.6;117;"";1010.4;0;"Dhule";2025;10;1
"2025-11-01";21.4;15.8;28.0;8;"";1014.8;0;"Dhule";2025;11;1
"2025-12-01";19.1;12.7;26.9;0;"";1015.8;0;"Dhule";2025;12;1
"2021-02-01";24.1;17.7;31.3;5;"";1013.4;0;"Ichalkaranji";2021;2;1
"2021-03-01";27.7;21.1;35.8;0;"";1011.2;0;"Ichalkaranji";2021;3;1
"2021-04-01";29.1;21.5;36.1;58;"";1010.4;0;"Ichalkaranji";2021;4;1
"2021-05-01";28.7;23.1;33.3;154;"";1007.8;0;"Ichalkaranji";2021;5;1
"2021-06-01";26.3;22.0;28.8;296;"";1008.4;0;"Ichalkaranji";2021;6;1
"2021-07-01";25.4;21.8;27.4;649;"";1007.1;0;"Ichalkaranji";2021;7;1
"2021-08-01";25.6;21.6;27.8;82;"";1008.8;0;"Ichalkaranji";2021;8;1
"2021-09-01";25.3;21.5;27.7;141;"";1008.1;0;"Ichalkaranji";2021;9;1
"2021-10-01";26.4;20.6;31.6;90;"";1010.2;0;"Ichalkaranji";2021;10;1
"2021-11-01";25.2;20.3;29.9;80;"";1011.1;0;"Ichalkaranji";2021;11;1
"2021-12-01";22.6;16.9;28.7;108;"";1014.5;0;"Ichalkaranji";2021;12;1
"2022-01-01";21.1;15.1;28.6;1;"";1013.6;0;"Ichalkaranji";2022;1;1
"2022-02-01";23.9;17.0;32.4;0;"";1011.9;0;"Ichalkaranji";2022;2;1
"2022-03-01";27.4;21.0;35.4;12;"";1010.3;0;"Ichalkaranji";2022;3;1
"2022-04-01";29.7;22.3;36.3;52;"";1009.4;0;"Ichalkaranji";2022;4;1
"2022-06-01";26.9;22.4;30.8;125;"";1007.1;0;"Ichalkaranji";2022;6;1
"2022-07-01";24.7;21.6;26.7;380;"";1007.1;0;"Ichalkaranji";2022;7;1
"2022-08-01";25.3;21.6;27.3;298;"";1007.1;0;"Ichalkaranji";2022;8;1
"2022-09-01";25.4;21.3;28.6;209;"";1009.2;0;"Ichalkaranji";2022;9;1
"2022-10-01";25.0;19.6;29.6;273;"";1011.8;0;"Ichalkaranji";2022;10;1
"2022-11-01";23.8;18.4;30.4;3;"";1013.3;0;"Ichalkaranji";2022;11;1
"2022-12-01";23.5;17.7;30.5;5;"";1013.0;0;"Ichalkaranji";2022;12;1
"2023-01-01";22.4;16.0;30.1;0;"";1014.3;0;"Ichalkaranji";2023;1;1
"2023-02-01";25.2;18.0;33.1;0;"";1013.8;0;"Ichalkaranji";2023;2;1
"2023-03-01";25.6;18.9;33.4;1;"";1012.6;0;"Ichalkaranji";2023;3;1
"2023-04-01";28.2;21.4;35.8;9;"";1010.6;0;"Ichalkaranji";2023;4;1
"2023-05-01";28.6;22.4;35.4;47;"";1010.4;0;"Ichalkaranji";2023;5;1
"2023-06-01";27.8;23.4;32.2;63;"";1008.6;0;"Ichalkaranji";2023;6;1
"2023-07-01";24.7;21.9;26.1;438;"";1008.3;0;"Ichalkaranji";2023;7;1
"2023-08-01";25.9;21.8;28.2;58;"";1010.6;0;"Ichalkaranji";2023;8;1
"2023-09-01";26.0;21.9;28.4;109;"";1009.2;0;"Ichalkaranji";2023;9;1
"2023-10-01";26.1;20.9;31.8;21;"";1012.8;0;"Ichalkaranji";2023;10;1
"2023-11-01";24.8;19.9;30.4;16;"";1013.7;0;"Ichalkaranji";2023;11;1
"2023-12-01";23.1;18.0;29.1;6;"";1014.3;0;"Ichalkaranji";2023;12;1
"2024-01-01";23.1;17.1;30.2;8;"";1014.5;0;"Ichalkaranji";2024;1;1
"2024-02-01";25.4;18.6;33.3;0;"";1014.5;0;"Ichalkaranji";2024;2;1
"2024-03-01";27.7;21.3;35.9;0;"";1012.5;0;"Ichalkaranji";2024;3;1
"2024-04-01";30.8;24.1;38.0;23;"";1009.7;0;"Ichalkaranji";2024;4;1
"2024-05-01";29.4;23.2;35.6;28;"";1007.9;0;"Ichalkaranji";2024;5;1
"2024-06-01";26.7;22.8;29.9;119;"";1007.3;0;"Ichalkaranji";2024;6;1
"2024-07-01";24.7;22.0;26.3;609;"";1005.9;0;"Ichalkaranji";2024;7;1
"2024-10-01";26.3;21.3;30.3;239;"";1011.2;0;"Ichalkaranji";2024;10;1
"2024-11-01";23.7;18.0;29.6;6;"";1013.5;0;"Ichalkaranji";2024;11;1
"2025-01-01";22.9;16.7;30.2;0;"";1013.6;0;"Ichalkaranji";2025;1;1
"2025-02-01";25.2;18.2;33.3;0;"";1013.8;0;"Ichalkaranji";2025;2;1
"2025-04-01";28.6;21.5;36.8;32;"";1009.7;0;"Ichalkaranji";2025;4;1
"2025-05-01";26.8;22.1;31.6;241;"";1007.4;0;"Ichalkaranji";2025;5;1
"2025-06-01";25.8;22.4;28.1;334;"";1007.3;0;"Ichalkaranji";2025;6;1
"2025-07-01";24.7;22.1;26.3;214;"";1007.2;0;"Ichalkaranji";2025;7;1
"2025-08-01";24.0;21.5;26.2;183;"";1008.9;0;"Ichalkaranji";2025;8;1
"2025-09-01";23.0;20.9;26.7;189;"";1010.2;0;"Ichalkaranji";2025;9;1
"2025-10-01";23.9;20.5;29.4;138;"";1011.3;0;"Ichalkaranji";2025;10;1
"2025-11-01";22.3;16.9;28.8;6;"";1015.1;0;"Ichalkaranji";2025;11;1
"2025-12-01";20.9;14.6;28.1;0;"";1015.3;0;"Ichalkaranji";2025;12;1
"2021-02-01";25.0;15.9;33.1;0;"";1013.4;0;"Jalgaon";2021;2;1
"2021-03-01";29.7;20.0;38.1;0;"";1010.3;0;"Jalgaon";2021;3;1
"2021-04-01";33.0;25.3;40.6;0;"";1007.9;0;"Jalgaon";2021;4;1
"2021-05-01";33.4;27.5;40.0;2;"";1004.7;0;"Jalgaon";2021;5;1
"2021-06-01";30.8;26.7;36.4;43;"";1003.9;0;"Jalgaon";2021;6;1
"2021-07-01";28.8;25.5;33.3;168;"";1002.3;0;"Jalgaon";2021;7;1
"2021-08-01";27.5;24.4;31.4;157;"";1005.0;0;"Jalgaon";2021;8;1
"2021-09-01";26.6;24.0;30.8;371;"";1004.3;0;"Jalgaon";2021;9;1
"2021-10-01";25.6;21.1;32.0;70;"";1009.4;0;"Jalgaon";2021;10;1
"2021-11-01";25.0;19.3;31.6;12;"";1011.3;0;"Jalgaon";2021;11;1
"2021-12-01";21.6;15.8;28.2;31;"";1015.1;0;"Jalgaon";2021;12;1
"2022-01-01";20.6;14.3;27.6;2;"";1014.2;0;"Jalgaon";2022;1;1
"2022-02-01";23.9;14.8;32.4;0;"";1011.7;0;"Jalgaon";2022;2;1
"2022-03-01";30.1;21.2;38.4;2;"";1009.1;0;"Jalgaon";2022;3;1
"2022-04-01";34.6;26.4;42.9;0;"";1006.2;0;"Jalgaon";2022;4;1
"2022-06-01";31.5;26.4;38.0;119;"";1002.9;0;"Jalgaon";2022;6;1
"2022-07-01";26.5;24.2;30.2;545;"";1002.7;0;"Jalgaon";2022;7;1
"2022-08-01";26.7;24.0;31.0;230;"";1003.3;0;"Jalgaon";2022;8;1
"2022-09-01";26.5;23.7;31.4;240;"";1006.1;0;"Jalgaon";2022;9;1
"2022-10-01";25.5;20.8;32.3;92;"";1010.5;0;"Jalgaon";2022;10;1
"2022-11-01";23.5;16.5;31.5;0;"";1013.5;0;"Jalgaon";2022;11;1
"2022-12-01";23.4;17.6;30.7;17;"";1012.9;0;"Jalgaon";2022;12;1
"2023-01-01";21.2;14.3;28.9;3;"";1014.7;0;"Jalgaon";2023;1;1
"2023-02-01";23.5;14.0;34.1;0;"";1013.9;0;"Jalgaon";2023;2;1
"2023-03-01";26.9;19.9;34.8;20;"";1011.7;0;"Jalgaon";2023;3;1
"2023-04-01";30.9;24.1;38.7;18;"";1008.8;0;"Jalgaon";2023;4;1
"2023-05-01";33.6;26.7;40.8;2;"";1006.9;0;"Jalgaon";2023;5;1
"2023-06-01";32.3;27.5;38.4;105;"";1003.9;0;"Jalgaon";2023;6;1
"2023-07-01";27.2;24.8;31.1;413;"";1003.2;0;"Jalgaon";2023;7;1
"2023-08-01";27.0;23.8;31.1;82;"";1006.3;0;"Jalgaon";2023;8;1
"2023-09-01";27.1;24.1;31.5;233;"";1005.5;0;"Jalgaon";2023;9;1
"2023-10-01";26.8;20.9;34.1;0;"";1011.6;0;"Jalgaon";2023;10;1
"2023-11-01";25.1;19.5;31.9;58;"";1013.5;0;"Jalgaon";2023;11;1
"2023-12-01";22.2;17.3;29.0;1;"";1014.7;0;"Jalgaon";2023;12;1
"2024-01-01";22.4;16.3;29.7;1;"";1014.5;0;"Jalgaon";2024;1;1
"2024-02-01";25.4;18.3;33.1;0;"";1014.1;0;"Jalgaon";2024;2;1
"2024-03-01";28.8;21.2;37.0;0;"";1011.2;0;"Jalgaon";2024;3;1
"2024-04-01";33.5;26.3;41.1;8;"";1007.5;0;"Jalgaon";2024;4;1
"2024-05-01";35.4;28.8;42.6;1;"";1003.7;0;"Jalgaon";2024;5;1
"2024-06-01";31.1;26.9;37.2;193;"";1002.8;0;"Jalgaon";2024;6;1
"2024-07-01";27.2;25.0;30.8;572;"";1000.7;0;"Jalgaon";2024;7;1
"2024-10-01";26.9;22.7;32.9;91;"";1009.6;0;"Jalgaon";2024;10;1
"2024-11-01";23.3;17.4;30.8;0;"";1013.3;0;"Jalgaon";2024;11;1
"2025-01-01";21.0;15.3;29.0;0;"";1013.8;0;"Jalgaon";2025;1;1
"2025-02-01";23.9;17.2;32.3;0;"";1013.4;0;"Jalgaon";2025;2;1
"2025-04-01";33.3;25.6;41.3;0;"";1006.6;0;"Jalgaon";2025;4;1
"2025-05-01";30.9;26.3;36.9;34;"";1004.1;0;"Jalgaon";2025;5;1
"2025-06-01";29.6;25.9;34.7;224;"";1002.2;0;"Jalgaon";2025;6;1
"2025-07-01";27.1;24.6;31.0;165;"";1002.3;0;"Jalgaon";2025;7;1
"2025-08-01";26.8;24.2;30.7;215;"";1004.6;0;"Jalgaon";2025;8;1
"2025-09-01";26.2;23.7;30.1;318;"";1006.1;0;"Jalgaon";2025;9;1
"2025-10-01";26.0;21.9;31.2;87;"";1009.6;0;"Jalgaon";2025;10;1
"2025-11-01";22.7;17.0;29.5;12;"";1014.4;0;"Jalgaon";2025;11;1
"2025-12-01";20.3;13.8;28.7;0;"";1015.5;0;"Jalgaon";2025;12;1
"2021-02-01";24.1;17.7;31.3;5;"";1013.4;0;"Kolhapur";2021;2;1
"2021-03-01";27.7;21.1;35.8;0;"";1011.2;0;"Kolhapur";2021;3;1
"2021-04-01";29.1;21.5;36.1;58;"";1010.4;0;"Kolhapur";2021;4;1
"2021-05-01";28.7;23.1;33.3;154;"";1007.8;0;"Kolhapur";2021;5;1
"2021-06-01";26.3;22.0;28.8;296;"";1008.4;0;"Kolhapur";2021;6;1
"2021-07-01";25.4;21.8;27.4;649;"";1007.1;0;"Kolhapur";2021;7;1
"2021-08-01";25.6;21.6;27.8;82;"";1008.8;0;"Kolhapur";2021;8;1
"2021-09-01";25.3;21.5;27.7;141;"";1008.1;0;"Kolhapur";2021;9;1
"2021-10-01";26.4;20.6;31.6;90;"";1010.2;0;"Kolhapur";2021;10;1
"2021-11-01";25.2;20.3;29.9;80;"";1011.1;0;"Kolhapur";2021;11;1
"2021-12-01";22.6;16.9;28.7;108;"";1014.5;0;"Kolhapur";2021;12;1
"2022-01-01";21.1;15.1;28.6;1;"";1013.6;0;"Kolhapur";2022;1;1
"2022-02-01";23.9;17.0;32.4;0;"";1011.9;0;"Kolhapur";2022;2;1
"2022-03-01";27.4;21.0;35.4;12;"";1010.3;0;"Kolhapur";2022;3;1
"2022-04-01";29.7;22.3;36.3;52;"";1009.4;0;"Kolhapur";2022;4;1
"2022-06-01";26.9;22.4;30.8;125;"";1007.1;0;"Kolhapur";2022;6;1
"2022-07-01";24.7;21.6;26.7;380;"";1007.1;0;"Kolhapur";2022;7;1
"2022-08-01";25.3;21.6;27.3;298;"";1007.1;0;"Kolhapur";2022;8;1
"2022-09-01";25.4;21.3;28.6;209;"";1009.2;0;"Kolhapur";2022;9;1
"2022-10-01";25.0;19.6;29.6;273;"";1011.8;0;"Kolhapur";2022;10;1
"2022-11-01";23.8;18.4;30.4;3;"";1013.3;0;"Kolhapur";2022;11;1
"2022-12-01";23.5;17.7;30.5;5;"";1013.0;0;"Kolhapur";2022;12;1
"2023-01-01";22.4;16.0;30.1;0;"";1014.3;0;"Kolhapur";2023;1;1
"2023-02-01";25.2;18.0;33.1;0;"";1013.8;0;"Kolhapur";2023;2;1
"2023-03-01";25.6;18.9;33.4;1;"";1012.6;0;"Kolhapur";2023;3;1
"2023-04-01";28.2;21.4;35.8;9;"";1010.6;0;"Kolhapur";2023;4;1
"2023-05-01";28.6;22.4;35.4;47;"";1010.4;0;"Kolhapur";2023;5;1
"2023-06-01";27.8;23.4;32.2;63;"";1008.6;0;"Kolhapur";2023;6;1
"2023-07-01";24.7;21.9;26.1;438;"";1008.3;0;"Kolhapur";2023;7;1
"2023-08-01";25.9;21.8;28.2;58;"";1010.6;0;"Kolhapur";2023;8;1
"2023-09-01";26.0;21.9;28.4;109;"";1009.2;0;"Kolhapur";2023;9;1
"2023-10-01";26.1;20.9;31.8;21;"";1012.8;0;"Kolhapur";2023;10;1
"2023-11-01";24.8;19.9;30.4;16;"";1013.7;0;"Kolhapur";2023;11;1
"2023-12-01";23.1;18.0;29.1;6;"";1014.3;0;"Kolhapur";2023;12;1
"2024-01-01";23.1;17.1;30.2;8;"";1014.5;0;"Kolhapur";2024;1;1
"2024-02-01";25.4;18.6;33.3;0;"";1014.5;0;"Kolhapur";2024;2;1
"2024-03-01";27.7;21.3;35.9;0;"";1012.5;0;"Kolhapur";2024;3;1
"2024-04-01";30.8;24.1;38.0;23;"";1009.7;0;"Kolhapur";2024;4;1
"2024-05-01";29.4;23.2;35.6;28;"";1007.9;0;"Kolhapur";2024;5;1
"2024-06-01";26.7;22.8;29.9;119;"";1007.3;0;"Kolhapur";2024;6;1
"2024-07-01";24.7;22.0;26.3;609;"";1005.9;0;"Kolhapur";2024;7;1
"2024-10-01";26.3;21.3;30.3;239;"";1011.2;0;"Kolhapur";2024;10;1
"2024-11-01";23.7;18.0;29.6;6;"";1013.5;0;"Kolhapur";2024;11;1
"2025-01-01";22.9;16.7;30.2;0;"";1013.6;0;"Kolhapur";2025;1;1
"2025-02-01";25.2;18.2;33.3;0;"";1013.8;0;"Kolhapur";2025;2;1
"2025-04-01";28.6;21.5;36.8;32;"";1009.7;0;"Kolhapur";2025;4;1
"2025-05-01";26.8;22.1;31.6;241;"";1007.4;0;"Kolhapur";2025;5;1
"2025-06-01";25.8;22.4;28.1;334;"";1007.3;0;"Kolhapur";2025;6;1
"2025-07-01";24.7;22.1;26.3;214;"";1007.2;0;"Kolhapur";2025;7;1
"2025-08-01";24.0;21.5;26.2;183;"";1008.9;0;"Kolhapur";2025;8;1
"2025-09-01";23.0;20.9;26.7;189;"";1010.2;0;"Kolhapur";2025;9;1
"2025-10-01";23.9;20.5;29.4;138;"";1011.3;0;"Kolhapur";2025;10;1
"2025-11-01";22.3;16.9;28.8;6;"";1015.1;0;"Kolhapur";2025;11;1
"2025-12-01";20.9;14.6;28.1;0;"";1015.3;0;"Kolhapur";2025;12;1
"2021-02-01";23.5;16.7;30.8;2;"";1013.7;0;"Latur";2021;2;1
"2021-03-01";28.5;21.4;35.6;0;"";1011.1;0;"Latur";2021;3;1
"2021-04-01";30.5;24.1;37.2;5;"";1009.2;0;"Latur";2021;4;1
"2021-05-01";30.4;25.4;36.3;26;"";1006.4;0;"Latur";2021;5;1
"2021-06-01";26.8;23.2;31.7;82;"";1006.4;0;"Latur";2021;6;1
"2021-07-01";25.5;22.8;29.4;322;"";1004.9;0;"Latur";2021;7;1
"2021-08-01";25.3;22.3;28.9;162;"";1006.8;0;"Latur";2021;8;1
"2021-09-01";24.3;21.7;27.9;296;"";1006.5;0;"Latur";2021;9;1
"2021-10-01";24.1;19.7;29.3;97;"";1010.1;0;"Latur";2021;10;1
"2021-11-01";23.8;19.3;29.5;41;"";1011.6;0;"Latur";2021;11;1
"2021-12-01";22.5;16.6;28.7;1;"";1015.0;0;"Latur";2021;12;1
"2022-01-01";20.9;15.2;27.7;8;"";1014.0;0;"Latur";2022;1;1
"2022-02-01";24.5;17.6;31.5;0;"";1011.9;0;"Latur";2022;2;1
"2022-03-01";28.9;21.6;36.0;0;"";1009.7;0;"Latur";2022;3;1
"2022-04-01";32.2;25.7;39.1;1;"";1007.8;0;"Latur";2022;4;1
"2022-06-01";28.1;24.2;34.1;120;"";1004.5;0;"Latur";2022;6;1
"2022-07-01";24.2;22.1;27.9;345;"";1004.5;0;"Latur";2022;7;1
"2022-08-01";24.8;21.9;29.1;170;"";1004.9;0;"Latur";2022;8;1
"2022-09-01";24.4;21.4;28.7;210;"";1007.1;0;"Latur";2022;9;1
"2022-10-01";23.1;19.2;28.1;95;"";1010.8;0;"Latur";2022;10;1
"2022-11-01";22.2;16.0;28.7;0;"";1013.0;0;"Latur";2022;11;1
"2022-12-01";22.6;16.9;29.2;16;"";1012.8;0;"Latur";2022;12;1
"2023-01-01";22.4;15.9;29.7;0;"";1014.0;0;"Latur";2023;1;1
"2023-02-01";24.6;16.7;32.7;0;"";1013.3;0;"Latur";2023;2;1
"2023-03-01";26.4;19.6;33.7;9;"";1011.5;0;"Latur";2023;3;1
"2023-04-01";28.5;21.9;35.5;48;"";1009.4;0;"Latur";2023;4;1
"2023-05-01";29.8;24.1;36.6;19;"";1007.8;0;"Latur";2023;5;1
"2023-06-01";30.3;25.4;36.0;34;"";1005.1;0;"Latur";2023;6;1
"2023-07-01";25.3;22.7;29.3;337;"";1005.1;0;"Latur";2023;7;1
"2023-08-01";25.7;22.1;30.1;28;"";1007.6;0;"Latur";2023;8;1
"2023-09-01";25.2;22.2;29.6;156;"";1006.6;0;"Latur";2023;9;1
"2023-10-01";25.2;19.6;31.3;13;"";1011.9;0;"Latur";2023;10;1
"2023-11-01";24.5;19.3;30.4;40;"";1013.4;0;"Latur";2023;11;1
"2023-12-01";21.5;16.0;27.9;0;"";1014.3;0;"Latur";2023;12;1
"2024-01-01";23.4;17.4;30.0;0;"";1014.0;0;"Latur";2024;1;1
"2024-02-01";26.3;19.6;33.4;0;"";1013.7;0;"Latur";2024;2;1
"2024-03-01";29.7;23.0;36.7;0;"";1011.2;0;"Latur";2024;3;1
"2024-04-01";31.7;25.4;38.6;7;"";1008.2;0;"Latur";2024;4;1
"2024-05-01";31.7;25.7;39.0;45;"";1005.0;0;"Latur";2024;5;1
"2024-06-01";26.8;23.6;32.0;243;"";1004.9;0;"Latur";2024;6;1
"2024-07-01";24.8;22.8;28.4;369;"";1003.2;0;"Latur";2024;7;1
"2024-10-01";24.8;20.7;30.0;104;"";1010.2;0;"Latur";2024;10;1
"2024-11-01";22.5;16.9;28.4;2;"";1013.1;0;"Latur";2024;11;1
"2025-01-01";22.6;16.2;29.8;0;"";1013.4;0;"Latur";2025;1;1
"2025-02-01";26.4;19.5;33.6;0;"";1012.9;0;"Latur";2025;2;1
"2025-04-01";31.6;25.2;39.0;6;"";1007.6;0;"Latur";2025;4;1
"2025-05-01";29.3;24.5;35.6;227;"";1004.8;0;"Latur";2025;5;1
"2025-06-01";27.5;23.4;32.7;123;"";1004.2;0;"Latur";2025;6;1
"2025-07-01";25.6;22.9;29.7;206;"";1004.1;0;"Latur";2025;7;1
"2025-08-01";24.7;22.0;28.6;312;"";1006.2;0;"Latur";2025;8;1
"2025-09-01";24.3;21.5;28.3;320;"";1007.5;0;"Latur";2025;9;1
"2025-10-01";24.5;20.5;29.4;103;"";1010.4;0;"Latur";2025;10;1
"2025-11-01";21.8;15.9;28.2;12;"";1014.6;0;"Latur";2025;11;1
"2025-12-01";19.8;13.1;27.5;0;"";1015.4;0;"Latur";2025;12;1
"2021-02-01";23.4;16.4;30.8;1;"";1014.0;0;"Malegaon";2021;2;1
"2021-03-01";28.3;20.9;35.9;0;"";1011.1;0;"Malegaon";2021;3;1
"2021-04-01";31.4;24.2;38.5;0;"";1009.0;0;"Malegaon";2021;4;1
"2021-05-01";30.7;24.9;37.5;14;"";1005.9;0;"Malegaon";2021;5;1
"2021-06-01";28.1;24.4;33.7;71;"";1005.3;0;"Malegaon";2021;6;1
"2021-07-01";26.9;23.9;31.8;220;"";1003.7;0;"Malegaon";2021;7;1
"2021-08-01";25.8;22.7;30.1;151;"";1006.0;0;"Malegaon";2021;8;1
"2021-09-01";25.2;22.6;29.2;317;"";1005.2;0;"Malegaon";2021;9;1
"2021-10-01";24.5;19.8;29.9;77;"";1009.8;0;"Malegaon";2021;10;1
"2021-11-01";24.2;18.4;30.4;19;"";1011.3;0;"Malegaon";2021;11;1
"2021-12-01";20.4;15.3;26.4;70;"";1014.8;0;"Malegaon";2021;12;1
"2022-01-01";19.3;13.2;26.4;3;"";1014.0;0;"Malegaon";2022;1;1
"2022-02-01";23.0;15.0;31.2;0;"";1011.7;0;"Malegaon";2022;2;1
"2022-03-01";29.1;20.5;36.7;1;"";1009.8;0;"Malegaon";2022;3;1
"2022-04-01";33.1;25.2;40.8;0;"";1007.6;0;"Malegaon";2022;4;1
"2022-06-01";28.8;24.3;35.3;146;"";1004.4;0;"Malegaon";2022;6;1
"2022-07-01";25.4;23.2;28.9;432;"";1003.9;0;"Malegaon";2022;7;1
"2022-08-01";25.5;22.8;29.5;116;"";1004.3;0;"Malegaon";2022;8;1
"2022-09-01";24.9;22.1;29.3;247;"";1007.2;0;"Malegaon";2022;9;1
"2022-10-01";24.1;19.7;29.5;76;"";1011.4;0;"Malegaon";2022;10;1
"2022-11-01";23.0;16.8;29.7;0;"";1013.9;0;"Malegaon";2022;11;1
"2022-12-01";22.4;16.7;29.3;27;"";1013.5;0;"Malegaon";2022;12;1
"2023-01-01";20.5;14.1;28.1;1;"";1015.0;0;"Malegaon";2023;1;1
"2023-02-01";23.4;15.8;31.9;0;"";1014.2;0;"Malegaon";2023;2;1
"2023-03-01";25.6;18.7;33.1;8;"";1012.3;0;"Malegaon";2023;3;1
"2023-04-01";29.4;22.6;36.8;22;"";1009.6;0;"Malegaon";2023;4;1
"2023-05-01";31.4;24.6;38.7;1;"";1008.3;0;"Malegaon";2023;5;1
"2023-06-01";29.8;24.9;36.2;76;"";1005.4;0;"Malegaon";2023;6;1
"2023-07-01";26.0;23.9;29.9;236;"";1004.5;0;"Malegaon";2023;7;1
"2023-08-01";26.0;22.9;30.3;21;"";1007.5;0;"Malegaon";2023;8;1
"2023-09-01";25.9;22.8;30.4;193;"";1006.8;0;"Malegaon";2023;9;1
"2023-10-01";27.0;20.9;33.2;1;"";1012.5;0;"Malegaon";2023;10;1
"2023-11-01";25.0;19.6;31.3;51;"";1014.0;0;"Malegaon";2023;11;1
"2023-12-01";21.9;16.4;28.5;3;"";1015.0;0;"Malegaon";2023;12;1
"2024-01-01";21.5;15.2;28.8;6;"";1015.0;0;"Malegaon";2024;1;1
"2024-02-01";24.1;17.0;31.8;0;"";1014.8;0;"Malegaon";2024;2;1
"2024-03-01";27.9;20.3;36.1;0;"";1012.2;0;"Malegaon";2024;3;1
"2024-04-01";32.4;25.2;39.6;0;"";1008.5;0;"Malegaon";2024;4;1
"2024-05-01";33.1;26.3;40.6;11;"";1005.4;0;"Malegaon";2024;5;1
"2024-06-01";28.7;25.0;34.7;193;"";1004.3;0;"Malegaon";2024;6;1
"2024-07-01";26.3;24.2;29.9;396;"";1002.0;0;"Malegaon";2024;7;1
"2024-10-01";25.3;21.3;30.5;123;"";1010.5;0;"Malegaon";2024;10;1
"2024-11-01";23.1;17.4;29.8;0;"";1013.7;0;"Malegaon";2024;11;1
"2025-01-01";21.1;15.1;28.4;0;"";1014.2;0;"Malegaon";2025;1;1
"2025-02-01";24.0;17.2;32.0;0;"";1013.9;0;"Malegaon";2025;2;1
"2025-04-01";32.2;24.9;39.8;0;"";1007.7;0;"Malegaon";2025;4;1
"2025-05-01";29.2;24.6;35.8;83;"";1005.3;0;"Malegaon";2025;5;1
"2025-06-01";27.7;24.2;32.9;207;"";1003.6;0;"Malegaon";2025;6;1
"2025-07-01";26.0;23.5;29.8;130;"";1003.7;0;"Malegaon";2025;7;1
"2025-08-01";25.5;22.8;29.7;237;"";1005.9;0;"Malegaon";2025;8;1
"2025-09-01";24.8;22.0;29.0;350;"";1007.3;0;"Malegaon";2025;9;1
"2025-10-01";24.5;20.5;29.6;117;"";1010.4;0;"Malegaon";2025;10;1
"2025-11-01";21.4;15.8;28.0;8;"";1014.8;0;"Malegaon";2025;11;1
"2025-12-01";19.1;12.7;26.9;0;"";1015.8;0;"Malegaon";2025;12;1
"2020-01-01";24.9;19.2;29.9;0;"";1013.4;13800;"Mumbai";2020;1;1
"2020-02-01";27.3;21.0;32.6;0;"";1012.7;11220;"Mumbai";2020;2;1
"2020-03-01";27.7;22.6;31.9;0;"";1011.2;12900;"Mumbai";2020;3;1
"2020-04-01";30.2;26.4;33.9;0;"";1009.6;14220;"Mumbai";2020;4;1
"2020-05-01";31.1;28.6;34.0;0;"";1007.3;15960;"Mumbai";2020;5;1
"2020-06-01";29.2;26.0;32.3;525;"";1003.7;8340;"Mumbai";2020;6;1
"2020-07-01";28.1;25.4;30.5;1502;"";1003.2;4620;"Mumbai";2020;7;1
"2020-08-01";27.6;25.0;29.6;827;"";1003.3;2760;"Mumbai";2020;8;1
"2020-09-01";28.4;25.3;31.4;320;"";1005.6;7080;"Mumbai";2020;9;1
"2020-10-01";29.2;25.6;32.7;224;"";1007.3;7920;"Mumbai";2020;10;1
"2020-11-01";28.7;23.1;33.9;0;"";1011.8;12720;"Mumbai";2020;11;1
"2020-12-01";26.6;20.8;32.3;25;"";1012.0;11400;"Mumbai";2020;12;1
"2021-01-01";25.9;20.5;30.9;1;"";1011.1;11100;"Mumbai";2021;1;1
"2021-02-01";27.3;21.4;32.9;0;"";1012.1;11280;"Mumbai";2021;2;1
"2021-03-01";29.7;23.9;35.0;0;"";1010.0;13200;"Mumbai";2021;3;1
"2021-04-01";30.0;26.2;33.6;0;"";1009.1;13620;"Mumbai";2021;4;1
"2021-05-01";30.7;27.8;33.8;154;"";1005.5;12000;"Mumbai";2021;5;1
"2021-06-01";28.6;25.5;31.5;317;"";1005.3;6360;"Mumbai";2021;6;1
"2021-07-01";28.6;25.7;30.8;774;"";1003.8;4800;"Mumbai";2021;7;1
"2021-08-01";27.8;25.1;30.0;295;"";1006.3;5520;"Mumbai";2021;8;1
"2021-09-01";27.7;24.8;30.1;437;"";1005.1;5820;"Mumbai";2021;9;1
"2021-10-01";29.4;25.2;33.5;32;"";1008.6;13620;"Mumbai";2021;10;1
"2021-11-01";29.5;25.0;34.1;50;"";1009.2;12720;"Mumbai";2021;11;1
"2021-12-01";25.8;21.0;30.6;103;"";1013.3;10080;"Mumbai";2021;12;1
"2022-01-01";24.5;19.3;29.3;10;"";1012.9;11940;"Mumbai";2022;1;1
"2022-02-01";25.3;19.3;30.5;0;"";1011.3;14220;"Mumbai";2022;2;1
"2022-03-01";30.0;24.7;34.9;0;"";1008.9;9240;"Mumbai";2022;3;1
"2022-04-01";30.6;26.8;34.5;0;"";1008.0;12120;"Mumbai";2022;4;1
"2022-05-01";30.9;28.8;34.0;7;"";1005.7;13080;"Mumbai";2022;5;1
"2022-06-01";29.3;26.6;32.9;298;"";1004.4;7860;"Mumbai";2022;6;1
"2022-07-01";27.8;25.3;29.8;1185;"";1004.0;3060;"Mumbai";2022;7;1
"2022-08-01";27.7;25.1;30.3;551;"";1004.2;5160;"Mumbai";2022;8;1
"2022-09-01";27.5;24.7;30.2;528;"";1006.6;5700;"Mumbai";2022;9;1
"2022-10-01";28.4;24.5;32.4;166;"";1009.8;11700;"Mumbai";2022;10;1
"2022-11-01";27.9;21.9;33.6;0;"";1011.7;12180;"Mumbai";2022;11;1
"2022-12-01";27.3;21.8;32.5;6;"";1011.4;10680;"Mumbai";2022;12;1
"2023-01-01";24.4;18.7;29.5;0;"";1013.4;11520;"Mumbai";2023;1;1
"2023-02-01";28.1;20.6;34.2;0;"";1012.4;13980;"Mumbai";2023;2;1
"2023-03-01";28.9;23.6;33.5;21;"";1011.2;12120;"Mumbai";2023;3;1
"2023-04-01";30.0;25.8;33.8;15;"";1009.0;14220;"Mumbai";2023;4;1
"2023-05-01";30.8;28.3;33.6;1;"";1008.8;17220;"Mumbai";2023;5;1
"2023-06-01";30.4;27.8;33.7;561;"";1005.7;11460;"Mumbai";2023;6;1
"2023-07-01";27.8;25.3;29.4;1769;"";1004.7;1680;"Mumbai";2023;7;1
"2023-08-01";28.6;26.3;30.8;187;"";1007.9;7140;"Mumbai";2023;8;1
"2023-09-01";28.2;25.2;31.0;484;"";1006.6;6660;"Mumbai";2023;9;1
"2023-10-01";30.2;25.8;34.5;13;"";1011.0;10200;"Mumbai";2023;10;1
"2023-11-01";29.4;24.3;34.4;7;"";1011.7;11040;"Mumbai";2023;11;1
"2023-12-01";27.9;22.8;32.9;0;"";1012.3;10140;"Mumbai";2023;12;1
"2024-01-01";26.3;19.9;31.3;1;"";1013.2;12240;"Mumbai";2024;1;1
"2024-02-01";27.1;20.6;32.6;0;"";1013.5;14700;"Mumbai";2024;2;1
"2024-03-01";28.3;23.2;32.8;0;"";1011.9;14340;"Mumbai";2024;3;1
"2024-04-01";30.7;26.6;34.7;0;"";1008.2;14340;"Mumbai";2024;4;1
"2024-05-01";31.1;28.6;34.2;1;"";1005.9;0;"Mumbai";2024;5;1
"2024-06-01";29.7;27.2;33.2;351;"";1004.0;6780;"Mumbai";2024;6;1
"2024-07-01";27.5;25.3;29.8;1664;"";1002.1;1020;"Mumbai";2024;7;1
"2024-08-01";28.2;26.3;30.9;391;"";1005.7;5700;"Mumbai";2024;8;1
"2024-09-01";27.7;25.2;30.6;659;"";1006.5;8040;"Mumbai";2024;9;1
"2024-10-01";29.3;25.6;33.3;112;"";1008.8;11040;"Mumbai";2024;10;1
"2024-11-01";28.4;22.6;34.1;1;"";1011.2;10560;"Mumbai";2024;11;1
"2024-12-01";26.2;20.6;32.0;0;"";1011.7;8040;"Mumbai";2024;12;1
"2025-01-01";26.2;20.0;32.2;0;"";1011.9;11100;"Mumbai";2025;1;1
"2025-02-01";28.0;21.2;34.0;0;"";1012.2;13560;"Mumbai";2025;2;1
"2025-03-01";29.3;24.2;34.4;0;"";1010.0;13680;"Mumbai";2025;3;1
"2025-04-01";30.2;26.7;34.1;0;"";1008.2;13800;"Mumbai";2025;4;1
"2025-05-01";29.5;25.8;32.9;237;"";1005.0;10140;"Mumbai";2025;5;1
"2025-06-01";28.6;26.2;31.4;511;"";1003.6;5460;"Mumbai";2025;6;1
"2025-07-01";28.1;26.0;30.0;802;"";1003.5;2760;"Mumbai";2025;7;1
"2025-08-01";27.4;25.5;29.5;1098;"";1005.7;4500;"Mumbai";2025;8;1
"2025-09-01";27.0;25.4;29.0;481;"";1007.2;4020;"Mumbai";2025;9;1
"2025-10-01";29.1;26.3;32.8;170;"";1008.0;10800;"Mumbai";2025;10;1
"2025-11-01";27.8;24.3;32.0;9;"";1012.5;11880;"Mumbai";2025;11;1
"2025-12-01";27.0;22.8;32.1;0;"";1012.9;11700;"Mumbai";2025;12;1
"2020-01-01";19.9;12.7;27.0;66;"";1016.0;11460;"Nagpur";2020;1;1
"2020-02-01";22.0;14.0;30.0;12;"";1015.7;13860;"Nagpur";2020;2;1
"2020-03-01";26.7;18.7;34.8;29;"";1011.1;14160;"Nagpur";2020;3;1
"2020-04-01";31.1;22.1;40.2;12;"";1007.9;16740;"Nagpur";2020;4;1
"2020-05-01";34.3;25.3;43.3;23;"";1003.3;18900;"Nagpur";2020;5;1
"2020-06-01";29.3;24.1;34.6;279;"";1001.9;7680;"Nagpur";2020;6;1
"2020-07-01";28.7;24.1;33.2;376;"";1002.1;8520;"Nagpur";2020;7;1
"2020-08-01";26.9;23.6;30.1;440;"";1001.3;4200;"Nagpur";2020;8;1
"2020-09-01";28.9;24.1;33.7;214;"";1004.3;9240;"Nagpur";2020;9;1
"2020-10-01";28.0;22.3;33.7;93;"";1007.5;12060;"Nagpur";2020;10;1
"2020-11-01";23.9;16.1;31.6;11;"";1014.9;15420;"Nagpur";2020;11;1
"2020-12-01";21.8;13.7;29.9;1;"";1015.3;14160;"Nagpur";2020;12;1
"2021-01-01";22.7;15.3;30.2;3;"";1013.6;11760;"Nagpur";2021;1;1
"2021-02-01";23.3;14.4;32.2;3;"";1013.9;14100;"Nagpur";2021;2;1
"2021-03-01";27.9;19.2;36.7;33;"";1010.3;15900;"Nagpur";2021;3;1
"2021-04-01";31.3;22.4;40.2;2;"";1007.2;14700;"Nagpur";2021;4;1
"2021-05-01";32.9;25.8;40.0;48;"";1003.5;15360;"Nagpur";2021;5;1
"2021-06-01";29.8;24.5;35.1;198;"";1002.3;8280;"Nagpur";2021;6;1
"2021-07-01";28.4;24.6;32.2;420;"";1001.1;6840;"Nagpur";2021;7;1
"2021-08-01";28.1;24.1;32.0;191;"";1003.5;6660;"Nagpur";2021;8;1
"2021-09-01";27.6;23.9;31.3;356;"";1003.7;6420;"Nagpur";2021;9;1
"2021-10-01";27.0;20.9;33.1;6;"";1009.2;13320;"Nagpur";2021;10;1
"2021-11-01";24.6;17.9;31.3;4;"";1012.3;12000;"Nagpur";2021;11;1
"2021-12-01";21.1;14.2;28.1;2;"";1016.1;11700;"Nagpur";2021;12;1
"2022-01-01";19.9;13.1;26.8;33;"";1014.6;12000;"Nagpur";2022;1;1
"2022-02-01";22.5;14.4;30.7;21;"";1012.4;14100;"Nagpur";2022;2;1
"2022-03-01";28.9;20.1;37.8;1;"";1008.7;15720;"Nagpur";2022;3;1
"2022-04-01";33.5;25.1;41.9;1;"";1005.8;0;"Nagpur";2022;4;1
"2022-05-01";35.1;27.8;42.4;6;"";1000.7;15180;"Nagpur";2022;5;1
"2022-06-01";32.9;27.2;38.5;120;"";1000.9;8160;"Nagpur";2022;6;1
"2022-07-01";27.1;24.1;30.1;631;"";1001.0;2520;"Nagpur";2022;7;1
"2022-08-01";28.3;24.6;31.9;360;"";1001.9;7980;"Nagpur";2022;8;1
"2022-09-01";27.7;23.6;31.9;358;"";1004.9;7140;"Nagpur";2022;9;1
"2022-10-01";26.3;20.7;31.9;139;"";1010.5;13500;"Nagpur";2022;10;1
"2022-11-01";22.5;14.2;30.8;0;"";1014.3;15360;"Nagpur";2022;11;1
"2022-12-01";22.7;15.2;30.3;5;"";1014.1;12660;"Nagpur";2022;12;1
"2023-01-01";21.5;13.9;29.1;0;"";1015.3;13020;"Nagpur";2023;1;1
"2023-02-01";23.9;14.0;33.8;0;"";1013.7;16020;"Nagpur";2023;2;1
"2023-03-01";26.9;19.2;34.6;0;"";1011.3;13680;"Nagpur";2023;3;1
"2023-04-01";29.3;21.9;36.7;81;"";1008.4;12780;"Nagpur";2023;4;1
"2023-05-01";31.9;24.0;39.9;48;"";1005.5;16740;"Nagpur";2023;5;1
"2023-06-01";32.6;26.3;38.9;152;"";1001.5;11400;"Nagpur";2023;6;1
"2023-07-01";28.3;24.3;32.2;516;"";1001.1;4200;"Nagpur";2023;7;1
"2023-08-01";27.6;23.1;32.1;161;"";1004.7;7980;"Nagpur";2023;8;1
"2023-09-01";27.5;23.3;31.6;403;"";1004.1;5940;"Nagpur";2023;9;1
"2023-10-01";26.7;19.5;33.8;3;"";1011.7;15180;"Nagpur";2023;10;1
"2023-11-01";23.9;16.8;30.9;47;"";1014.9;11580;"Nagpur";2023;11;1
"2023-12-01";21.5;14.9;28.0;11;"";1016.1;10260;"Nagpur";2023;12;1
"2024-01-01";22.0;15.4;28.6;1;"";1015.6;8940;"Nagpur";2024;1;1
"2024-02-01";25.1;18.1;32.0;1;"";1014.4;12060;"Nagpur";2024;2;1
"2024-03-01";28.5;20.4;36.6;20;"";1010.7;14100;"Nagpur";2024;3;1
"2024-04-01";30.5;23.3;37.7;89;"";1007.5;12660;"Nagpur";2024;4;1
"2024-05-01";32.8;25.4;40.2;55;"";1002.5;14640;"Nagpur";2024;5;1
"2024-06-01";32.3;26.1;38.6;78;"";1000.9;8940;"Nagpur";2024;6;1
"2024-07-01";28.1;24.9;31.2;579;"";999.3;2700;"Nagpur";2024;7;1
"2024-08-01";27.9;24.3;31.5;213;"";1003.8;5340;"Nagpur";2024;8;1
"2024-09-01";28.4;24.4;32.4;184;"";1003.7;8040;"Nagpur";2024;9;1
"2024-10-01";28.5;23.0;34.0;23;"";1009.5;12540;"Nagpur";2024;10;1
"2024-11-01";23.7;16.0;31.3;0;"";1013.7;10620;"Nagpur";2024;11;1
"2024-12-01";22.4;15.0;29.8;3;"";1014.1;8580;"Nagpur";2024;12;1
"2025-01-01";21.7;13.1;30.4;1;"";1014.3;12240;"Nagpur";2025;1;1
"2025-02-01";25.7;16.7;34.6;1;"";1012.8;14760;"Nagpur";2025;2;1
"2025-03-01";29.0;19.5;38.5;0;"";1009.5;15300;"Nagpur";2025;3;1
"2025-04-01";32.3;23.7;41.0;14;"";1005.5;14280;"Nagpur";2025;4;1
"2025-05-01";32.2;25.7;38.7;71;"";1002.5;11760;"Nagpur";2025;5;1
"2025-06-01";31.5;26.3;36.8;78;"";1000.3;9120;"Nagpur";2025;6;1
"2025-07-01";27.5;24.6;30.5;565;"";1000.3;3180;"Nagpur";2025;7;1
"2025-08-01";26.7;24.1;30.6;223;"";1003.8;6180;"Nagpur";2025;8;1
"2025-09-01";27.3;24.2;32.0;273;"";1005.1;7020;"Nagpur";2025;9;1
"2025-10-01";26.6;22.9;31.0;111;"";1009.6;11340;"Nagpur";2025;10;1
"2025-11-01";22.7;17.2;28.6;2;"";1014.5;14340;"Nagpur";2025;11;1
"2025-12-01";20.4;13.9;27.6;0;"";1015.8;17160;"Nagpur";2025;12;1
"2020-01-01";19.9;12.7;27.0;66;"";1016.0;11460;"Nanded";2020;1;1
"2020-02-01";22.0;14.0;30.0;12;"";1015.7;13860;"Nanded";2020;2;1
"2020-03-01";26.7;18.7;34.8;29;"";1011.1;14160;"Nanded";2020;3;1
"2020-04-01";31.1;22.1;40.2;12;"";1007.9;16740;"Nanded";2020;4;1
"2020-05-01";34.3;25.3;43.3;23;"";1003.3;18900;"Nanded";2020;5;1
"2020-06-01";29.3;24.1;34.6;279;"";1001.9;7680;"Nanded";2020;6;1
"2020-07-01";28.7;24.1;33.2;376;"";1002.1;8520;"Nanded";2020;7;1
"2020-08-01";26.9;23.6;30.1;440;"";1001.3;4200;"Nanded";2020;8;1
"2020-09-01";28.9;24.1;33.7;214;"";1004.3;9240;"Nanded";2020;9;1
"2020-10-01";28.0;22.3;33.7;93;"";1007.5;12060;"Nanded";2020;10;1
"2020-11-01";23.9;16.1;31.6;11;"";1014.9;15420;"Nanded";2020;11;1
"2020-12-01";21.8;13.7;29.9;1;"";1015.3;14160;"Nanded";2020;12;1
"2021-01-01";23.2;17.2;30.2;3;"";1012.9;11760;"Nanded";2021;1;1
"2021-02-01";23.7;16.4;31.2;4;"";1013.6;14100;"Nanded";2021;2;1
"2021-03-01";28.6;21.2;36.0;1;"";1010.5;15900;"Nanded";2021;3;1
"2021-04-01";31.4;24.6;38.6;0;"";1007.8;14700;"Nanded";2021;4;1
"2021-05-01";32.9;27.7;39.2;3;"";1004.3;15360;"Nanded";2021;5;1
"2021-06-01";28.6;25.5;32.8;233;"";1003.2;8280;"Nanded";2021;6;1
"2021-07-01";27.5;25.0;31.1;336;"";1001.9;6840;"Nanded";2021;7;1
"2021-08-01";27.3;24.8;30.8;188;"";1004.1;6660;"Nanded";2021;8;1
"2021-09-01";26.4;24.1;30.1;277;"";1004.3;6420;"Nanded";2021;9;1
"2021-10-01";26.4;22.1;31.8;71;"";1008.8;13320;"Nanded";2021;10;1
"2021-11-01";24.8;20.0;31.1;18;"";1011.6;12000;"Nanded";2021;11;1
"2021-12-01";21.1;15.3;28.3;38;"";1015.4;11700;"Nanded";2021;12;1
"2022-01-01";19.3;14.0;26.3;23;"";1014.4;12000;"Nanded";2022;1;1
"2022-02-01";22.5;15.8;30.6;1;"";1012.1;14100;"Nanded";2022;2;1
"2022-03-01";28.5;21.2;37.1;0;"";1008.8;15720;"Nanded";2022;3;1
"2022-04-01";33.7;27.0;41.4;0;"";1005.9;0;"Nanded";2022;4;1
"2022-05-01";34.7;29.0;41.8;6;"";1001.5;15180;"Nanded";2022;5;1
"2022-06-01";31.7;27.3;37.7;129;"";1001.8;8160;"Nanded";2022;6;1
"2022-07-01";26.1;24.1;30.0;793;"";1001.6;2520;"Nanded";2022;7;1
"2022-08-01";26.9;24.2;31.0;495;"";1002.4;7980;"Nanded";2022;8;1
"2022-09-01";26.7;23.9;31.6;267;"";1005.3;7140;"Nanded";2022;9;1
"2022-10-01";25.2;21.0;31.6;115;"";1010.3;13500;"Nanded";2022;10;1
"2022-11-01";22.2;15.9;30.5;0;"";1013.5;15360;"Nanded";2022;11;1
"2022-12-01";22.7;16.7;30.7;4;"";1013.4;12660;"Nanded";2022;12;1
"2023-01-01";22.1;15.7;30.4;0;"";1014.7;13020;"Nanded";2023;1;1
"2023-02-01";24.6;16.8;34.0;0;"";1013.5;16020;"Nanded";2023;2;1
"2023-03-01";27.3;20.6;35.7;13;"";1011.4;13680;"Nanded";2023;3;1
"2023-04-01";29.6;23.3;38.0;49;"";1008.9;12780;"Nanded";2023;4;1
"2023-05-01";31.5;25.3;38.7;22;"";1006.2;16740;"Nanded";2023;5;1
"2023-06-01";32.7;28.1;38.5;122;"";1002.2;11400;"Nanded";2023;6;1
"2023-07-01";27.4;24.9;31.8;463;"";1002.0;4200;"Nanded";2023;7;1
"2023-08-01";27.5;24.6;31.4;178;"";1004.9;7980;"Nanded";2023;8;1
"2023-09-01";26.8;24.1;31.4;278;"";1004.4;5940;"Nanded";2023;9;1
"2023-10-01";26.5;20.8;34.3;7;"";1011.1;15180;"Nanded";2023;10;1
"2023-11-01";24.7;19.0;32.6;11;"";1013.8;11580;"Nanded";2023;11;1
"2023-12-01";21.3;15.8;29.6;10;"";1015.0;10260;"Nanded";2023;12;1
"2024-01-01";22.4;16.7;30.2;4;"";1014.7;8940;"Nanded";2024;1;1
"2024-02-01";24.9;18.7;32.7;8;"";1014.3;12060;"Nanded";2024;2;1
"2024-03-01";28.6;22.0;37.0;14;"";1011.1;14100;"Nanded";2024;3;1
"2024-04-01";31.3;25.0;39.1;9;"";1007.8;12660;"Nanded";2024;4;1
"2024-05-01";33.2;27.3;41.5;21;"";1003.4;14640;"Nanded";2024;5;1
"2024-06-01";31.1;26.7;38.4;273;"";1002.1;8940;"Nanded";2024;6;1
"2024-07-01";27.0;24.7;31.2;753;"";999.9;2700;"Nanded";2024;7;1
"2024-08-01";27.9;24.3;31.5;213;"";1003.8;5340;"Nanded";2024;8;1
"2024-09-01";28.4;24.4;32.4;184;"";1003.7;8040;"Nanded";2024;9;1
"2024-10-01";27.6;23.4;34.4;52;"";1009.2;12540;"Nanded";2024;10;1
"2024-11-01";23.2;17.1;31.6;0;"";1013.2;10620;"Nanded";2024;11;1
"2024-12-01";22.2;16.9;30.3;3;"";1013.5;8580;"Nanded";2024;12;1
"2025-01-01";21.2;14.6;31.9;0;"";1014.1;12240;"Nanded";2025;1;1
"2025-02-01";25.9;18.6;35.8;0;"";1012.8;14760;"Nanded";2025;2;1
"2025-03-01";29.0;19.5;38.5;0;"";1009.5;15300;"Nanded";2025;3;1
"2025-04-01";32.3;25.6;40.9;9;"";1006.4;14280;"Nanded";2025;4;1
"2025-05-01";31.5;26.3;38.7;58;"";1003.3;11760;"Nanded";2025;5;1
"2025-06-01";30.1;25.9;36.2;132;"";1001.5;9120;"Nanded";2025;6;1
"2025-07-01";26.8;24.4;31.2;728;"";1001.0;3180;"Nanded";2025;7;1
"2025-08-01";26.9;24.3;31.5;349;"";1003.7;6180;"Nanded";2025;8;1
"2025-09-01";26.5;24.0;30.5;280;"";1005.2;7020;"Nanded";2025;9;1
"2025-10-01";26.1;22.4;30.7;115;"";1009.3;11340;"Nanded";2025;10;1
"2025-11-01";21.8;15.8;28.5;2;"";1014.3;14340;"Nanded";2025;11;1
"2025-12-01";18.6;11.7;26.8;0;"";1015.5;17160;"Nanded";2025;12;1
"2021-02-01";23.4;16.4;30.8;1;"";1014.0;0;"Nandurbar";2021;2;1
"2021-03-01";28.3;20.9;35.9;0;"";1011.1;0;"Nandurbar";2021;3;1
"2021-04-01";31.4;24.2;38.5;0;"";1009.0;0;"Nandurbar";2021;4;1
"2021-05-01";30.7;24.9;37.5;14;"";1005.9;0;"Nandurbar";2021;5;1
"2021-06-01";28.1;24.4;33.7;71;"";1005.3;0;"Nandurbar";2021;6;1
"2021-07-01";26.9;23.9;31.8;220;"";1003.7;0;"Nandurbar";2021;7;1
"2021-08-01";25.8;22.7;30.1;151;"";1006.0;0;"Nandurbar";2021;8;1
"2021-09-01";25.2;22.6;29.2;317;"";1005.2;0;"Nandurbar";2021;9;1
"2021-10-01";24.5;19.8;29.9;77;"";1009.8;0;"Nandurbar";2021;10;1
"2021-11-01";24.2;18.4;30.4;19;"";1011.3;0;"Nandurbar";2021;11;1
"2021-12-01";20.4;15.3;26.4;70;"";1014.8;0;"Nandurbar";2021;12;1
"2022-01-01";19.3;13.2;26.4;3;"";1014.0;0;"Nandurbar";2022;1;1
"2022-02-01";23.0;15.0;31.2;0;"";1011.7;0;"Nandurbar";2022;2;1
"2022-03-01";29.1;20.5;36.7;1;"";1009.8;0;"Nandurbar";2022;3;1
"2022-04-01";33.1;25.2;40.8;0;"";1007.6;0;"Nandurbar";2022;4;1
"2022-06-01";28.8;24.3;35.3;146;"";1004.4;0;"Nandurbar";2022;6;1
"2022-07-01";25.4;23.2;28.9;432;"";1003.9;0;"Nandurbar";2022;7;1
"2022-08-01";25.5;22.8;29.5;116;"";1004.3;0;"Nandurbar";2022;8;1
"2022-09-01";24.9;22.1;29.3;247;"";1007.2;0;"Nandurbar";2022;9;1
"2022-10-01";24.1;19.7;29.5;76;"";1011.4;0;"Nandurbar";2022;10;1
"2022-11-01";23.0;16.8;29.7;0;"";1013.9;0;"Nandurbar";2022;11;1
"2022-12-01";22.4;16.7;29.3;27;"";1013.5;0;"Nandurbar";2022;12;1
"2023-01-01";20.5;14.1;28.1;1;"";1015.0;0;"Nandurbar";2023;1;1
"2023-02-01";23.4;15.8;31.9;0;"";1014.2;0;"Nandurbar";2023;2;1
"2023-03-01";25.6;18.7;33.1;8;"";1012.3;0;"Nandurbar";2023;3;1
"2023-04-01";29.4;22.6;36.8;22;"";1009.6;0;"Nandurbar";2023;4;1
"2023-05-01";31.4;24.6;38.7;1;"";1008.3;0;"Nandurbar";2023;5;1
"2023-06-01";29.8;24.9;36.2;76;"";1005.4;0;"Nandurbar";2023;6;1
"2023-07-01";26.0;23.9;29.9;236;"";1004.5;0;"Nandurbar";2023;7;1
"2023-08-01";26.0;22.9;30.3;21;"";1007.5;0;"Nandurbar";2023;8;1
"2023-09-01";25.9;22.8;30.4;193;"";1006.8;0;"Nandurbar";2023;9;1
"2023-10-01";27.0;20.9;33.2;1;"";1012.5;0;"Nandurbar";2023;10;1
"2023-11-01";25.0;19.6;31.3;51;"";1014.0;0;"Nandurbar";2023;11;1
"2023-12-01";21.9;16.4;28.5;3;"";1015.0;0;"Nandurbar";2023;12;1
"2024-01-01";21.5;15.2;28.8;6;"";1015.0;0;"Nandurbar";2024;1;1
"2024-02-01";24.1;17.0;31.8;0;"";1014.8;0;"Nandurbar";2024;2;1
"2024-03-01";27.9;20.3;36.1;0;"";1012.2;0;"Nandurbar";2024;3;1
"2024-04-01";32.4;25.2;39.6;0;"";1008.5;0;"Nandurbar";2024;4;1
"2024-05-01";33.1;26.3;40.6;11;"";1005.4;0;"Nandurbar";2024;5;1
"2024-06-01";28.7;25.0;34.7;193;"";1004.3;0;"Nandurbar";2024;6;1
"2024-07-01";26.3;24.2;29.9;396;"";1002.0;0;"Nandurbar";2024;7;1
"2024-10-01";25.3;21.3;30.5;123;"";1010.5;0;"Nandurbar";2024;10;1
"2024-11-01";23.1;17.4;29.8;0;"";1013.7;0;"Nandurbar";2024;11;1
"2025-01-01";21.1;15.1;28.4;0;"";1014.2;0;"Nandurbar";2025;1;1
"2025-02-01";24.0;17.2;32.0;0;"";1013.9;0;"Nandurbar";2025;2;1
"2025-04-01";32.2;24.9;39.8;0;"";1007.7;0;"Nandurbar";2025;4;1
"2025-05-01";29.2;24.6;35.8;83;"";1005.3;0;"Nandurbar";2025;5;1
"2025-06-01";27.7;24.2;32.9;207;"";1003.6;0;"Nandurbar";2025;6;1
"2025-07-01";26.0;23.5;29.8;130;"";1003.7;0;"Nandurbar";2025;7;1
"2025-08-01";25.5;22.8;29.7;237;"";1005.9;0;"Nandurbar";2025;8;1
"2025-09-01";24.8;22.0;29.0;350;"";1007.3;0;"Nandurbar";2025;9;1
"2025-10-01";24.5;20.5;29.6;117;"";1010.4;0;"Nandurbar";2025;10;1
"2025-11-01";21.4;15.8;28.0;8;"";1014.8;0;"Nandurbar";2025;11;1
"2025-12-01";19.1;12.7;26.9;0;"";1015.8;0;"Nandurbar";2025;12;1
"2021-02-01";22.0;14.6;30.3;1;"";1014.2;0;"Nashik";2021;2;1
"2021-03-01";26.6;18.2;35.1;0;"";1011.6;0;"Nashik";2021;3;1
"2021-04-01";28.8;20.9;37.0;1;"";1009.9;0;"Nashik";2021;4;1
"2021-05-01";28.0;22.5;34.5;41;"";1006.8;0;"Nashik";2021;5;1
"2021-06-01";25.2;22.4;30.1;119;"";1006.5;0;"Nashik";2021;6;1
"2021-07-01";24.7;22.5;28.5;299;"";1004.7;0;"Nashik";2021;7;1
"2021-08-01";23.7;21.5;27.2;165;"";1007.2;0;"Nashik";2021;8;1
"2021-09-01";23.6;21.6;27.1;397;"";1006.2;0;"Nashik";2021;9;1
"2021-10-01";23.7;18.6;30.6;50;"";1010.6;0;"Nashik";2021;10;1
"2021-11-01";23.1;17.7;29.4;19;"";1011.8;0;"Nashik";2021;11;1
"2021-12-01";19.6;14.4;26.9;97;"";1015.5;0;"Nashik";2021;12;1
"2022-01-01";18.4;12.2;25.9;4;"";1014.6;0;"Nashik";2022;1;1
"2022-02-01";21.7;13.6;30.5;0;"";1012.5;0;"Nashik";2022;2;1
"2022-03-01";27.4;19.3;35.5;1;"";1010.4;0;"Nashik";2022;3;1
"2022-04-01";30.3;21.9;38.7;1;"";1008.5;0;"Nashik";2022;4;1
"2022-06-01";26.5;22.5;32.5;125;"";1005.3;0;"Nashik";2022;6;1
"2022-07-01";23.5;21.6;26.5;351;"";1005.0;0;"Nashik";2022;7;1
"2022-08-01";23.8;21.6;27.3;196;"";1005.1;0;"Nashik";2022;8;1
"2022-09-01";23.6;21.1;28.1;263;"";1007.9;0;"Nashik";2022;9;1
"2022-10-01";23.0;18.5;29.0;68;"";1011.8;0;"Nashik";2022;10;1
"2022-11-01";21.3;14.0;29.3;0;"";1014.1;0;"Nashik";2022;11;1
"2022-12-01";21.6;15.2;29.7;12;"";1013.6;0;"Nashik";2022;12;1
"2023-01-01";19.7;12.7;28.4;0;"";1015.1;0;"Nashik";2023;1;1
"2023-02-01";23.2;13.5;32.6;0;"";1013.7;0;"Nashik";2023;2;1
"2023-03-01";23.9;16.7;31.6;10;"";1011.3;0;"Nashik";2023;3;1
"2023-04-01";27.6;20.1;35.3;0;"";1008.6;0;"Nashik";2023;4;1
"2023-05-01";28.8;22.2;36.0;1;"";1007.8;0;"Nashik";2023;5;1
"2023-06-01";27.2;23.1;32.7;125;"";1005.0;0;"Nashik";2023;6;1
"2023-07-01";24.0;22.2;27.0;257;"";1003.9;0;"Nashik";2023;7;1
"2023-08-01";23.9;21.8;27.5;57;"";1007.0;0;"Nashik";2023;8;1
"2023-09-01";24.2;21.6;28.4;156;"";1006.3;0;"Nashik";2023;9;1
"2023-10-01";24.9;19.0;31.9;1;"";1011.4;0;"Nashik";2023;10;1
"2023-11-01";23.3;17.3;30.0;31;"";1012.5;0;"Nashik";2023;11;1
"2023-12-01";21.3;15.9;28.3;1;"";1013.4;0;"Nashik";2023;12;1
"2024-01-01";20.8;14.2;28.8;11;"";1014.9;0;"Nashik";2024;1;1
"2024-02-01";23.1;15.4;31.4;0;"";1014.9;0;"Nashik";2024;2;1
"2024-03-01";26.2;17.8;34.8;0;"";1012.7;0;"Nashik";2024;3;1
"2024-04-01";30.4;22.5;38.1;0;"";1009.0;0;"Nashik";2024;4;1
"2024-05-01";30.1;23.8;37.7;29;"";1006.3;0;"Nashik";2024;5;1
"2024-06-01";26.6;23.2;32.0;125;"";1005.0;0;"Nashik";2024;6;1
"2024-07-01";24.3;22.4;27.5;305;"";1002.7;0;"Nashik";2024;7;1
"2024-10-01";24.6;20.4;31.0;99;"";1010.8;0;"Nashik";2024;10;1
"2024-11-01";22.4;15.4;29.5;0;"";1013.9;0;"Nashik";2024;11;1
"2025-01-01";22.2;14.9;30.1;0;"";1014.0;0;"Nashik";2025;1;1
"2025-02-01";24.9;15.9;33.2;0;"";1014.0;0;"Nashik";2025;2;1
"2025-04-01";30.2;22.4;38.4;7;"";1008.7;0;"Nashik";2025;4;1
"2025-05-01";26.7;22.6;32.8;103;"";1006.1;0;"Nashik";2025;5;1
"2025-06-01";24.9;22.1;29.0;208;"";1004.5;0;"Nashik";2025;6;1
"2025-07-01";23.9;21.9;27.0;149;"";1004.3;0;"Nashik";2025;7;1
"2025-08-01";23.7;21.7;27.4;199;"";1006.6;0;"Nashik";2025;8;1
"2025-09-01";23.2;21.1;26.9;279;"";1008.4;0;"Nashik";2025;9;1
"2025-10-01";23.9;20.3;28.8;86;"";1010.7;0;"Nashik";2025;10;1
"2025-11-01";21.7;16.6;27.8;3;"";1015.0;0;"Nashik";2025;11;1
"2025-12-01";20.1;14.1;27.4;0;"";1015.7;0;"Nashik";2025;12;1
"2020-01-01";24.9;19.2;29.9;0;"";1013.4;13800;"Navi Mumbai";2020;1;1
"2020-02-01";27.3;21.0;32.6;0;"";1012.7;11220;"Navi Mumbai";2020;2;1
"2020-03-01";27.7;22.6;31.9;0;"";1011.2;12900;"Navi Mumbai";2020;3;1
"2020-04-01";30.2;26.4;33.9;0;"";1009.6;14220;"Navi Mumbai";2020;4;1
"2020-05-01";31.1;28.6;34.0;0;"";1007.3;15960;"Navi Mumbai";2020;5;1
"2020-06-01";29.2;26.0;32.3;525;"";1003.7;8340;"Navi Mumbai";2020;6;1
"2020-07-01";28.1;25.4;30.5;1502;"";1003.2;4620;"Navi Mumbai";2020;7;1
"2020-08-01";27.6;25.0;29.6;827;"";1003.3;2760;"Navi Mumbai";2020;8;1
"2020-09-01";28.4;25.3;31.4;320;"";1005.6;7080;"Navi Mumbai";2020;9;1
"2020-10-01";29.2;25.6;32.7;224;"";1007.3;7920;"Navi Mumbai";2020;10;1
"2020-11-01";28.7;23.1;33.9;0;"";1011.8;12720;"Navi Mumbai";2020;11;1
"2020-12-01";26.6;20.8;32.3;25;"";1012.0;11400;"Navi Mumbai";2020;12;1
"2021-01-01";25.9;20.5;30.9;1;"";1011.1;11100;"Navi Mumbai";2021;1;1
"2021-02-01";27.3;21.4;32.9;0;"";1012.1;11280;"Navi Mumbai";2021;2;1
"2021-03-01";29.7;23.9;35.0;0;"";1010.0;13200;"Navi Mumbai";2021;3;1
"2021-04-01";30.0;26.2;33.6;0;"";1009.1;13620;"Navi Mumbai";2021;4;1
"2021-05-01";30.7;27.8;33.8;154;"";1005.5;12000;"Navi Mumbai";2021;5;1
"2021-06-01";28.6;25.5;31.5;317;"";1005.3;6360;"Navi Mumbai";2021;6;1
"2021-07-01";28.6;25.7;30.8;774;"";1003.8;4800;"Navi Mumbai";2021;7;1
"2021-08-01";27.8;25.1;30.0;295;"";1006.3;5520;"Navi Mumbai";2021;8;1
"2021-09-01";27.7;24.8;30.1;437;"";1005.1;5820;"Navi Mumbai";2021;9;1
"2021-10-01";29.4;25.2;33.5;32;"";1008.6;13620;"Navi Mumbai";2021;10;1
"2021-11-01";29.5;25.0;34.1;50;"";1009.2;12720;"Navi Mumbai";2021;11;1
"2021-12-01";25.8;21.0;30.6;103;"";1013.3;10080;"Navi Mumbai";2021;12;1
"2022-01-01";24.5;19.3;29.3;10;"";1012.9;11940;"Navi Mumbai";2022;1;1
"2022-02-01";25.3;19.3;30.5;0;"";1011.3;14220;"Navi Mumbai";2022;2;1
"2022-03-01";30.0;24.7;34.9;0;"";1008.9;9240;"Navi Mumbai";2022;3;1
"2022-04-01";30.6;26.8;34.5;0;"";1008.0;12120;"Navi Mumbai";2022;4;1
"2022-05-01";30.9;28.8;34.0;7;"";1005.7;13080;"Navi Mumbai";2022;5;1
"2022-06-01";29.3;26.6;32.9;298;"";1004.4;7860;"Navi Mumbai";2022;6;1
"2022-07-01";27.8;25.3;29.8;1185;"";1004.0;3060;"Navi Mumbai";2022;7;1
"2022-08-01";27.7;25.1;30.3;551;"";1004.2;5160;"Navi Mumbai";2022;8;1
"2022-09-01";27.5;24.7;30.2;528;"";1006.6;5700;"Navi Mumbai";2022;9;1
"2022-10-01";28.4;24.5;32.4;166;"";1009.8;11700;"Navi Mumbai";2022;10;1
"2022-11-01";27.9;21.9;33.6;0;"";1011.7;12180;"Navi Mumbai";2022;11;1
"2022-12-01";27.3;21.8;32.5;6;"";1011.4;10680;"Navi Mumbai";2022;12;1
"2023-01-01";24.4;18.7;29.5;0;"";1013.4;11520;"Navi Mumbai";2023;1;1
"2023-02-01";28.1;20.6;34.2;0;"";1012.4;13980;"Navi Mumbai";2023;2;1
"2023-03-01";28.9;23.6;33.5;21;"";1011.2;12120;"Navi Mumbai";2023;3;1
"2023-04-01";30.0;25.8;33.8;15;"";1009.0;14220;"Navi Mumbai";2023;4;1
"2023-05-01";30.8;28.3;33.6;1;"";1008.8;17220;"Navi Mumbai";2023;5;1
"2023-06-01";30.4;27.8;33.7;561;"";1005.7;11460;"Navi Mumbai";2023;6;1
"2023-07-01";27.8;25.3;29.4;1769;"";1004.7;1680;"Navi Mumbai";2023;7;1
"2023-08-01";28.6;26.3;30.8;187;"";1007.9;7140;"Navi Mumbai";2023;8;1
"2023-09-01";28.2;25.2;31.0;484;"";1006.6;6660;"Navi Mumbai";2023;9;1
"2023-10-01";30.2;25.8;34.5;13;"";1011.0;10200;"Navi Mumbai";2023;10;1
"2023-11-01";29.4;24.3;34.4;7;"";1011.7;11040;"Navi Mumbai";2023;11;1
"2023-12-01";27.9;22.8;32.9;0;"";1012.3;10140;"Navi Mumbai";2023;12;1
"2024-01-01";26.3;19.9;31.3;1;"";1013.2;12240;"Navi Mumbai";2024;1;1
"2024-02-01";27.1;20.6;32.6;0;"";1013.5;14700;"Navi Mumbai";2024;2;1
"2024-03-01";28.3;23.2;32.8;0;"";1011.9;14340;"Navi Mumbai";2024;3;1
"2024-04-01";30.7;26.6;34.7;0;"";1008.2;14340;"Navi Mumbai";2024;4;1
"2024-05-01";31.1;28.6;34.2;1;"";1005.9;0;"Navi Mumbai";2024;5;1
"2024-06-01";29.7;27.2;33.2;351;"";1004.0;6780;"Navi Mumbai";2024;6;1
"2024-07-01";27.5;25.3;29.8;1664;"";1002.1;1020;"Navi Mumbai";2024;7;1
"2024-08-01";28.2;26.3;30.9;391;"";1005.7;5700;"Navi Mumbai";2024;8;1
"2024-09-01";27.7;25.2;30.6;659;"";1006.5;8040;"Navi Mumbai";2024;9;1
"2024-10-01";29.3;25.6;33.3;112;"";1008.8;11040;"Navi Mumbai";2024;10;1
"2024-11-01";28.4;22.6;34.1;1;"";1011.2;10560;"Navi Mumbai";2024;11;1
"2024-12-01";26.2;20.6;32.0;0;"";1011.7;8040;"Navi Mumbai";2024;12;1
"2025-01-01";26.2;20.0;32.2;0;"";1011.9;11100;"Navi Mumbai";2025;1;1
"2025-02-01";28.0;21.2;34.0;0;"";1012.2;13560;"Navi Mumbai";2025;2;1
"2025-03-01";29.3;24.2;34.4;0;"";1010.0;13680;"Navi Mumbai";2025;3;1
"2025-04-01";30.2;26.7;34.1;0;"";1008.2;13800;"Navi Mumbai";2025;4;1
"2025-05-01";29.5;25.8;32.9;237;"";1005.0;10140;"Navi Mumbai";2025;5;1
"2025-06-01";28.6;26.2;31.4;511;"";1003.6;5460;"Navi Mumbai";2025;6;1
"2025-07-01";28.1;26.0;30.0;802;"";1003.5;2760;"Navi Mumbai";2025;7;1
"2025-08-01";27.4;25.5;29.5;1098;"";1005.7;4500;"Navi Mumbai";2025;8;1
"2025-09-01";27.0;25.4;29.0;481;"";1007.2;4020;"Navi Mumbai";2025;9;1
"2025-10-01";29.1;26.3;32.8;170;"";1008.0;10800;"Navi Mumbai";2025;10;1
"2025-11-01";27.8;24.3;32.0;9;"";1012.5;11880;"Navi Mumbai";2025;11;1
"2025-12-01";27.0;22.8;32.1;0;"";1012.9;11700;"Navi Mumbai";2025;12;1
"2021-02-01";26.2;19.5;32.8;0;"";1012.7;0;"Osmanabad";2021;2;1
"2021-03-01";30.6;23.3;37.2;2;"";1010.0;0;"Osmanabad";2021;3;1
"2021-04-01";32.1;25.4;38.2;1;"";1008.3;0;"Osmanabad";2021;4;1
"2021-05-01";30.6;24.5;37.0;107;"";1005.8;0;"Osmanabad";2021;5;1
"2021-06-01";27.0;22.5;32.5;183;"";1006.2;0;"Osmanabad";2021;6;1
"2021-07-01";26.2;22.1;30.6;149;"";1004.7;0;"Osmanabad";2021;7;1
"2021-08-01";26.7;21.9;31.0;85;"";1006.5;0;"Osmanabad";2021;8;1
"2021-09-01";26.1;21.4;30.6;267;"";1006.0;0;"Osmanabad";2021;9;1
"2021-10-01";26.7;20.8;32.8;42;"";1009.2;0;"Osmanabad";2021;10;1
"2021-11-01";26.0;20.4;31.5;75;"";1010.5;0;"Osmanabad";2021;11;1
"2021-12-01";23.8;17.9;30.0;13;"";1014.1;0;"Osmanabad";2021;12;1
"2022-01-01";23.6;17.6;30.0;0;"";1013.0;0;"Osmanabad";2022;1;1
"2022-02-01";26.6;20.1;33.1;0;"";1011.0;0;"Osmanabad";2022;2;1
"2022-03-01";30.9;24.0;37.5;1;"";1008.6;0;"Osmanabad";2022;3;1
"2022-04-01";33.7;27.2;40.2;26;"";1006.8;0;"Osmanabad";2022;4;1
"2022-06-01";28.7;24.4;35.0;97;"";1004.6;0;"Osmanabad";2022;6;1
"2022-07-01";25.5;22.6;29.7;307;"";1004.9;0;"Osmanabad";2022;7;1
"2022-08-01";25.8;22.5;30.6;201;"";1005.0;0;"Osmanabad";2022;8;1
"2022-09-01";25.7;22.0;31.0;263;"";1007.2;0;"Osmanabad";2022;9;1
"2022-10-01";25.0;20.3;30.9;165;"";1010.6;0;"Osmanabad";2022;10;1
"2022-11-01";25.5;19.1;32.2;0;"";1012.6;0;"Osmanabad";2022;11;1
"2022-12-01";25.1;19.2;31.8;3;"";1012.4;0;"Osmanabad";2022;12;1
"2023-01-01";24.8;18.6;31.6;0;"";1013.6;0;"Osmanabad";2023;1;1
"2023-02-01";27.3;19.5;34.6;0;"";1012.9;0;"Osmanabad";2023;2;1
"2023-03-01";28.7;22.1;35.0;0;"";1011.1;0;"Osmanabad";2023;3;1
"2023-04-01";31.3;24.0;37.9;40;"";1008.7;0;"Osmanabad";2023;4;1
"2023-05-01";32.8;26.3;39.2;8;"";1007.3;0;"Osmanabad";2023;5;1
"2023-06-01";31.0;25.7;37.0;72;"";1005.5;0;"Osmanabad";2023;6;1
"2023-07-01";25.7;22.3;30.0;364;"";1005.6;0;"Osmanabad";2023;7;1
"2023-08-01";27.3;22.3;32.3;53;"";1008.1;0;"Osmanabad";2023;8;1
"2023-09-01";27.1;22.3;31.9;194;"";1006.8;0;"Osmanabad";2023;9;1
"2023-10-01";27.3;21.3;34.0;63;"";1011.6;0;"Osmanabad";2023;10;1
"2023-11-01";26.6;21.2;32.1;178;"";1012.9;0;"Osmanabad";2023;11;1
"2023-12-01";23.4;18.2;30.0;0;"";1014.0;0;"Osmanabad";2023;12;1
"2024-01-01";25.1;19.2;31.9;1;"";1013.7;0;"Osmanabad";2024;1;1
"2024-02-01";28.2;21.7;34.9;0;"";1013.3;0;"Osmanabad";2024;2;1
"2024-03-01";31.7;24.9;38.0;0;"";1010.7;0;"Osmanabad";2024;3;1
"2024-04-01";33.7;27.1;40.3;37;"";1007.2;0;"Osmanabad";2024;4;1
"2024-05-01";32.9;26.3;40.1;46;"";1004.8;0;"Osmanabad";2024;5;1
"2024-06-01";27.4;23.9;32.8;368;"";1005.0;0;"Osmanabad";2024;6;1
"2024-07-01";26.7;23.0;30.3;212;"";1003.6;0;"Osmanabad";2024;7;1
"2024-10-01";26.6;22.0;32.9;112;"";1009.8;0;"Osmanabad";2024;10;1
"2024-11-01";24.8;19.1;31.8;6;"";1012.5;0;"Osmanabad";2024;11;1
"2025-01-01";24.3;17.9;32.2;0;"";1013.1;0;"Osmanabad";2025;1;1
"2025-02-01";27.7;20.5;35.3;0;"";1012.6;0;"Osmanabad";2025;2;1
"2025-04-01";33.1;26.1;40.5;6;"";1007.0;0;"Osmanabad";2025;4;1
"2025-05-01";29.3;24.4;35.5;223;"";1004.8;0;"Osmanabad";2025;5;1
"2025-06-01";27.5;23.8;32.8;83;"";1004.6;0;"Osmanabad";2025;6;1
"2025-07-01";26.9;23.3;31.7;201;"";1004.6;0;"Osmanabad";2025;7;1
"2025-08-01";25.7;22.3;30.3;355;"";1006.7;0;"Osmanabad";2025;8;1
"2025-09-01";24.9;21.7;29.8;321;"";1008.0;0;"Osmanabad";2025;9;1
"2025-10-01";25.8;21.4;32.3;120;"";1010.3;0;"Osmanabad";2025;10;1
"2025-11-01";25.0;18.8;32.5;6;"";1014.1;0;"Osmanabad";2025;11;1
"2025-12-01";23.2;16.0;32.0;0;"";1015.0;0;"Osmanabad";2025;12;1
"2020-01-01";24.9;19.2;29.9;0;"";1013.4;13800;"Panvel";2020;1;1
"2020-02-01";27.3;21.0;32.6;0;"";1012.7;11220;"Panvel";2020;2;1
"2020-03-01";27.7;22.6;31.9;0;"";1011.2;12900;"Panvel";2020;3;1
"2020-04-01";30.2;26.4;33.9;0;"";1009.6;14220;"Panvel";2020;4;1
"2020-05-01";31.1;28.6;34.0;0;"";1007.3;15960;"Panvel";2020;5;1
"2020-06-01";29.2;26.0;32.3;525;"";1003.7;8340;"Panvel";2020;6;1
"2020-07-01";28.1;25.4;30.5;1502;"";1003.2;4620;"Panvel";2020;7;1
"2020-08-01";27.6;25.0;29.6;827;"";1003.3;2760;"Panvel";2020;8;1
"2020-09-01";28.4;25.3;31.4;320;"";1005.6;7080;"Panvel";2020;9;1
"2020-10-01";29.2;25.6;32.7;224;"";1007.3;7920;"Panvel";2020;10;1
"2020-11-01";28.7;23.1;33.9;0;"";1011.8;12720;"Panvel";2020;11;1
"2020-12-01";26.6;20.8;32.3;25;"";1012.0;11400;"Panvel";2020;12;1
"2021-01-01";25.9;20.5;30.9;1;"";1011.1;11100;"Panvel";2021;1;1
"2021-02-01";27.3;21.4;32.9;0;"";1012.1;11280;"Panvel";2021;2;1
"2021-03-01";29.7;23.9;35.0;0;"";1010.0;13200;"Panvel";2021;3;1
"2021-04-01";30.0;26.2;33.6;0;"";1009.1;13620;"Panvel";2021;4;1
"2021-05-01";30.7;27.8;33.8;154;"";1005.5;12000;"Panvel";2021;5;1
"2021-06-01";28.6;25.5;31.5;317;"";1005.3;6360;"Panvel";2021;6;1
"2021-07-01";28.6;25.7;30.8;774;"";1003.8;4800;"Panvel";2021;7;1
"2021-08-01";25.0;21.4;28.0;336;"";1007.2;5520;"Panvel";2021;8;1
"2021-09-01";25.0;21.6;28.0;406;"";1006.1;5820;"Panvel";2021;9;1
"2021-10-01";26.4;21.8;32.5;109;"";1009.0;13620;"Panvel";2021;10;1
"2021-11-01";26.9;21.8;33.9;46;"";1009.5;12720;"Panvel";2021;11;1
"2021-12-01";23.5;17.9;30.4;152;"";1013.5;10080;"Panvel";2021;12;1
"2022-01-01";22.2;15.9;29.8;6;"";1013.0;11940;"Panvel";2022;1;1
"2022-02-01";24.4;17.3;33.4;0;"";1011.4;14220;"Panvel";2022;2;1
"2022-03-01";29.5;22.2;38.7;0;"";1008.9;9240;"Panvel";2022;3;1
"2022-04-01";30.2;23.2;39.8;0;"";1007.9;12120;"Panvel";2022;4;1
"2022-05-01";29.9;23.9;36.7;7;"";1005.8;13080;"Panvel";2022;5;1
"2022-06-01";27.4;23.1;32.8;343;"";1005.1;7860;"Panvel";2022;6;1
"2022-07-01";24.6;21.7;27.1;803;"";1005.2;3060;"Panvel";2022;7;1
"2022-08-01";25.0;21.6;28.1;591;"";1005.1;5160;"Panvel";2022;8;1
"2022-09-01";24.8;21.9;28.7;419;"";1007.4;5700;"Panvel";2022;9;1
"2022-10-01";25.1;21.0;30.7;158;"";1010.4;11700;"Panvel";2022;10;1
"2022-11-01";25.5;19.2;33.0;0;"";1011.8;12180;"Panvel";2022;11;1
"2022-12-01";25.9;19.7;33.5;3;"";1011.5;10680;"Panvel";2022;12;1
"2023-01-01";23.4;17.0;31.9;1;"";1013.4;11520;"Panvel";2023;1;1
"2023-02-01";26.9;18.9;36.2;0;"";1012.4;13980;"Panvel";2023;2;1
"2023-03-01";27.2;20.8;35.5;5;"";1011.4;12120;"Panvel";2023;3;1
"2023-04-01";29.6;23.2;38.1;1;"";1009.2;14220;"Panvel";2023;4;1
"2023-05-01";29.9;24.4;37.5;12;"";1009.0;17220;"Panvel";2023;5;1
"2023-06-01";28.3;23.8;33.2;279;"";1006.3;11460;"Panvel";2023;6;1
"2023-07-01";24.9;22.0;27.6;827;"";1005.9;1680;"Panvel";2023;7;1
"2023-08-01";25.4;21.7;28.9;184;"";1008.6;7140;"Panvel";2023;8;1
"2023-09-01";25.5;22.0;29.3;349;"";1007.5;6660;"Panvel";2023;9;1
"2023-10-01";27.6;22.3;34.1;6;"";1011.3;10200;"Panvel";2023;10;1
"2023-11-01";26.8;20.9;34.0;9;"";1011.9;11040;"Panvel";2023;11;1
"2023-12-01";25.3;18.9;32.9;0;"";1012.4;10140;"Panvel";2023;12;1
"2024-01-01";24.2;17.9;31.9;4;"";1013.3;12240;"Panvel";2024;1;1
"2024-02-01";26.0;18.8;34.8;0;"";1013.5;14700;"Panvel";2024;2;1
"2024-03-01";27.9;20.5;37.5;0;"";1011.8;14340;"Panvel";2024;3;1
"2024-04-01";31.2;24.4;40.6;0;"";1008.2;14340;"Panvel";2024;4;1
"2024-05-01";31.0;25.0;38.5;9;"";1006.1;0;"Panvel";2024;5;1
"2024-06-01";27.4;23.7;32.0;283;"";1004.9;6780;"Panvel";2024;6;1
"2024-07-01";25.2;22.4;27.9;824;"";1003.3;1020;"Panvel";2024;7;1
"2024-08-01";28.2;26.3;30.9;391;"";1005.7;5700;"Panvel";2024;8;1
"2024-09-01";27.7;25.2;30.6;659;"";1006.5;8040;"Panvel";2024;9;1
"2024-10-01";26.8;22.9;32.6;139;"";1009.4;11040;"Panvel";2024;10;1
"2024-11-01";25.1;18.9;32.9;1;"";1011.5;10560;"Panvel";2024;11;1
"2024-12-01";23.9;17.9;31.7;0;"";1011.8;8040;"Panvel";2024;12;1
"2025-01-01";24.7;17.9;33.4;0;"";1012.0;11100;"Panvel";2025;1;1
"2025-02-01";26.8;19.0;36.6;0;"";1012.2;13560;"Panvel";2025;2;1
"2025-03-01";29.3;24.2;34.4;0;"";1010.0;13680;"Panvel";2025;3;1
"2025-04-01";29.9;23.0;39.5;1;"";1008.3;13800;"Panvel";2025;4;1
"2025-05-01";28.1;23.0;34.6;216;"";1005.6;10140;"Panvel";2025;5;1
"2025-06-01";26.0;22.6;30.4;613;"";1004.7;5460;"Panvel";2025;6;1
"2025-07-01";24.8;22.0;28.0;542;"";1004.8;2760;"Panvel";2025;7;1
"2025-08-01";24.8;21.9;27.8;511;"";1006.7;4500;"Panvel";2025;8;1
"2025-09-01";24.9;23.0;28.2;494;"";1007.9;4020;"Panvel";2025;9;1
"2025-10-01";26.1;22.2;31.5;122;"";1008.7;10800;"Panvel";2025;10;1
"2025-11-01";24.5;18.4;32.1;9;"";1012.9;11880;"Panvel";2025;11;1
"2025-12-01";23.3;15.7;32.7;0;"";1013.1;11700;"Panvel";2025;12;1
"2021-02-01";24.4;17.3;31.7;1;"";1013.4;0;"Parbhani";2021;2;1
"2021-03-01";29.3;21.6;36.7;0;"";1010.5;0;"Parbhani";2021;3;1
"2021-04-01";31.7;24.8;38.9;1;"";1008.3;0;"Parbhani";2021;4;1
"2021-05-01";32.3;27.1;38.2;13;"";1005.2;0;"Parbhani";2021;5;1
"2021-06-01";28.5;24.7;34.0;79;"";1005.0;0;"Parbhani";2021;6;1
"2021-07-01";27.1;24.1;31.3;230;"";1003.4;0;"Parbhani";2021;7;1
"2021-08-01";26.7;23.5;30.7;243;"";1005.6;0;"Parbhani";2021;8;1
"2021-09-01";25.4;22.8;29.2;369;"";1005.3;0;"Parbhani";2021;9;1
"2021-10-01";24.9;20.2;30.5;70;"";1009.6;0;"Parbhani";2021;10;1
"2021-11-01";24.5;19.4;30.3;41;"";1011.4;0;"Parbhani";2021;11;1
"2021-12-01";22.2;16.5;28.8;6;"";1014.9;0;"Parbhani";2021;12;1
"2022-01-01";20.7;15.0;27.2;7;"";1014.0;0;"Parbhani";2022;1;1
"2022-02-01";24.4;16.8;31.9;0;"";1011.6;0;"Parbhani";2022;2;1
"2022-03-01";29.7;21.8;37.4;0;"";1009.1;0;"Parbhani";2022;3;1
"2022-04-01";34.1;26.7;41.3;0;"";1006.5;0;"Parbhani";2022;4;1
"2022-06-01";29.8;25.6;36.1;166;"";1003.7;0;"Parbhani";2022;6;1
"2022-07-01";25.3;23.0;28.9;458;"";1003.7;0;"Parbhani";2022;7;1
"2022-08-01";25.9;23.0;30.2;226;"";1004.2;0;"Parbhani";2022;8;1
"2022-09-01";25.5;22.5;30.0;218;"";1006.7;0;"Parbhani";2022;9;1
"2022-10-01";24.1;19.9;29.6;138;"";1010.9;0;"Parbhani";2022;10;1
"2022-11-01";22.5;16.0;29.3;0;"";1013.6;0;"Parbhani";2022;11;1
"2022-12-01";23.0;17.5;29.6;26;"";1013.2;0;"Parbhani";2022;12;1
"2023-01-01";22.0;15.6;28.9;0;"";1014.5;0;"Parbhani";2023;1;1
"2023-02-01";24.5;16.6;32.9;0;"";1013.7;0;"Parbhani";2023;2;1
"2023-03-01";26.5;19.5;33.8;9;"";1011.8;0;"Parbhani";2023;3;1
"2023-04-01";29.0;22.3;36.5;34;"";1009.4;0;"Parbhani";2023;4;1
"2023-05-01";32.2;25.8;38.9;1;"";1007.2;0;"Parbhani";2023;5;1
"2023-06-01";31.6;26.6;37.5;66;"";1004.5;0;"Parbhani";2023;6;1
"2023-07-01";26.4;23.9;30.9;311;"";1004.2;0;"Parbhani";2023;7;1
"2023-08-01";26.5;23.0;30.7;81;"";1007.2;0;"Parbhani";2023;8;1
"2023-09-01";26.0;23.1;30.1;166;"";1006.2;0;"Parbhani";2023;9;1
"2023-10-01";25.7;19.9;31.9;1;"";1012.0;0;"Parbhani";2023;10;1
"2023-11-01";24.5;19.0;30.4;54;"";1013.8;0;"Parbhani";2023;11;1
"2023-12-01";21.2;16.0;27.4;1;"";1014.9;0;"Parbhani";2023;12;1
"2024-01-01";22.5;16.7;29.3;6;"";1014.5;0;"Parbhani";2024;1;1
"2024-02-01";25.7;19.0;33.1;0;"";1014.1;0;"Parbhani";2024;2;1
"2024-03-01";29.3;21.9;37.0;0;"";1011.3;0;"Parbhani";2024;3;1
"2024-04-01";32.4;26.0;39.7;2;"";1008.0;0;"Parbhani";2024;4;1
"2024-05-01";33.9;27.5;41.3;8;"";1004.3;0;"Parbhani";2024;5;1
"2024-06-01";28.7;25.0;34.7;259;"";1004.0;0;"Parbhani";2024;6;1
"2024-07-01";26.0;23.9;29.7;443;"";1002.1;0;"Parbhani";2024;7;1
"2024-10-01";26.1;21.8;31.6;112;"";1010.2;0;"Parbhani";2024;10;1
"2024-11-01";23.2;17.4;29.3;0;"";1013.4;0;"Parbhani";2024;11;1
"2025-01-01";22.9;16.4;30.3;0;"";1013.7;0;"Parbhani";2025;1;1
"2025-02-01";26.6;19.5;34.1;0;"";1013.1;0;"Parbhani";2025;2;1
"2025-04-01";32.9;25.6;40.4;23;"";1007.0;0;"Parbhani";2025;4;1
"2025-05-01";30.6;25.3;36.5;103;"";1004.5;0;"Parbhani";2025;5;1
"2025-06-01";29.2;24.6;33.7;156;"";1003.3;0;"Parbhani";2025;6;1
"2025-07-01";27.0;23.7;30.6;230;"";1003.3;0;"Parbhani";2025;7;1
"2025-08-01";26.2;23.1;29.5;235;"";1005.6;0;"Parbhani";2025;8;1
"2025-09-01";25.0;22.4;29.0;341;"";1006.8;0;"Parbhani";2025;9;1
"2025-10-01";25.5;21.3;30.4;102;"";1009.9;0;"Parbhani";2025;10;1
"2025-11-01";21.7;16.1;28.0;4;"";1014.6;0;"Parbhani";2025;11;1
"2025-12-01";19.7;12.8;27.6;0;"";1015.5;0;"Parbhani";2025;12;1
"2020-01-01";21.3;13.3;29.2;0;"";1013.5;15060;"Pimpri Chinchwad";2020;1;1
"2020-02-01";23.3;14.9;31.8;0;"";1012.8;15180;"Pimpri Chinchwad";2020;2;1
"2020-03-01";25.4;16.8;34.1;13;"";1010.1;16980;"Pimpri Chinchwad";2020;3;1
"2020-04-01";29.6;20.7;38.5;0;"";1007.8;17940;"Pimpri Chinchwad";2020;4;1
"2020-05-01";30.9;23.1;38.7;35;"";1005.5;18900;"Pimpri Chinchwad";2020;5;1
"2020-06-01";26.9;22.3;31.5;222;"";1003.5;9540;"Pimpri Chinchwad";2020;6;1
"2020-07-01";26.4;22.4;30.4;120;"";1003.1;7020;"Pimpri Chinchwad";2020;7;1
"2020-08-01";24.8;21.7;27.9;255;"";1003.6;3600;"Pimpri Chinchwad";2020;8;1
"2020-09-01";26.5;21.8;30.7;198;"";1005.5;9000;"Pimpri Chinchwad";2020;9;1
"2020-10-01";25.9;20.4;31.4;312;"";1007.6;10500;"Pimpri Chinchwad";2020;10;1
"2020-11-01";23.6;16.2;31.0;5;"";1012.5;17940;"Pimpri Chinchwad";2020;11;1
"2020-12-01";21.8;13.7;29.8;5;"";1012.9;14220;"Pimpri Chinchwad";2020;12;1
"2021-01-01";23.3;15.7;31.0;37;"";1011.3;13020;"Pimpri Chinchwad";2021;1;1
"2021-02-01";22.3;13.2;31.5;0;"";1012.5;15000;"Pimpri Chinchwad";2021;2;1
"2021-03-01";26.6;16.7;36.5;5;"";1009.5;15960;"Pimpri Chinchwad";2021;3;1
"2021-04-01";28.7;19.8;37.6;28;"";1007.8;15780;"Pimpri Chinchwad";2021;4;1
"2021-05-01";29.0;22.7;35.3;89;"";1005.0;14100;"Pimpri Chinchwad";2021;5;1
"2021-06-01";26.2;22.0;30.4;153;"";1005.5;8880;"Pimpri Chinchwad";2021;6;1
"2021-07-01";25.6;22.1;29.3;193;"";1003.8;5760;"Pimpri Chinchwad";2021;7;1
"2021-08-01";24.9;21.1;28.6;41;"";1006.1;6960;"Pimpri Chinchwad";2021;8;1
"2021-09-01";25.1;21.4;28.9;84;"";1005.1;7140;"Pimpri Chinchwad";2021;9;1
"2021-10-01";25.4;18.8;32.0;140;"";1008.8;15060;"Pimpri Chinchwad";2021;10;1
"2021-11-01";24.6;18.0;31.1;16;"";1010.0;10980;"Pimpri Chinchwad";2021;11;1
"2021-12-01";21.3;14.4;28.3;85;"";1014.4;11700;"Pimpri Chinchwad";2021;12;1
"2022-01-01";20.3;12.4;28.3;0;"";1013.9;14640;"Pimpri Chinchwad";2022;1;1
"2022-02-01";22.7;12.9;32.5;0;"";1010.9;16020;"Pimpri Chinchwad";2022;2;1
"2022-03-01";27.2;17.9;36.5;1;"";1008.5;14640;"Pimpri Chinchwad";2022;3;1
"2022-04-01";30.4;21.6;39.2;0;"";1006.4;15480;"Pimpri Chinchwad";2022;4;1
"2022-05-01";30.2;23.4;37.0;1;"";1004.1;16620;"Pimpri Chinchwad";2022;5;1
"2022-06-01";28.5;23.6;33.4;35;"";1003.5;10560;"Pimpri Chinchwad";2022;6;1
"2022-07-01";24.9;22.0;27.8;386;"";1004.0;3540;"Pimpri Chinchwad";2022;7;1
"2022-08-01";25.2;21.7;28.8;164;"";1004.1;7560;"Pimpri Chinchwad";2022;8;1
"2022-09-01";25.7;21.6;29.8;232;"";1006.6;6300;"Pimpri Chinchwad";2022;9;1
"2022-10-01";24.9;19.4;30.3;303;"";1010.4;11040;"Pimpri Chinchwad";2022;10;1
"2022-11-01";22.4;13.7;31.0;0;"";1012.9;15240;"Pimpri Chinchwad";2022;11;1
"2022-12-01";22.8;14.4;31.3;0;"";1011.9;14220;"Pimpri Chinchwad";2022;12;1
"2023-01-01";21.5;12.0;30.9;0;"";1013.6;14940;"Pimpri Chinchwad";2023;1;1
"2023-02-01";22.5;11.4;33.7;0;"";1013.1;16380;"Pimpri Chinchwad";2023;2;1
"2023-03-01";24.6;15.7;33.4;10;"";1011.2;15300;"Pimpri Chinchwad";2023;3;1
"2023-04-01";27.9;19.2;36.7;37;"";1007.9;16320;"Pimpri Chinchwad";2023;4;1
"2023-05-01";29.9;22.7;37.2;19;"";1007.2;18300;"Pimpri Chinchwad";2023;5;1
"2023-06-01";29.0;23.8;34.1;84;"";1005.0;14340;"Pimpri Chinchwad";2023;6;1
"2023-07-01";25.2;22.4;28.1;155;"";1004.7;2580;"Pimpri Chinchwad";2023;7;1
"2023-08-01";25.4;21.8;29.1;42;"";1007.7;9420;"Pimpri Chinchwad";2023;8;1
"2023-09-01";25.7;21.7;29.7;166;"";1006.5;8040;"Pimpri Chinchwad";2023;9;1
"2023-10-01";26.2;19.4;33.0;19;"";1011.3;13800;"Pimpri Chinchwad";2023;10;1
"2023-11-01";24.3;17.3;31.3;33;"";1012.6;11940;"Pimpri Chinchwad";2023;11;1
"2023-12-01";22.1;14.3;30.0;0;"";1013.5;13740;"Pimpri Chinchwad";2023;12;1
"2024-01-01";22.1;13.5;30.7;2;"";1013.7;14700;"Pimpri Chinchwad";2024;1;1
"2024-02-01";24.0;14.3;33.7;1;"";1013.3;15660;"Pimpri Chinchwad";2024;2;1
"2024-03-01";26.7;16.8;36.5;2;"";1010.6;16440;"Pimpri Chinchwad";2024;3;1
"2024-04-01";30.4;21.3;39.5;11;"";1006.4;16800;"Pimpri Chinchwad";2024;4;1
"2024-05-01";30.6;23.5;37.7;95;"";1004.7;16740;"Pimpri Chinchwad";2024;5;1
"2024-06-01";28.3;23.5;33.0;252;"";1003.5;7860;"Pimpri Chinchwad";2024;6;1
"2024-07-01";25.5;22.7;28.3;394;"";1002.3;2940;"Pimpri Chinchwad";2024;7;1
"2024-08-01";25.7;22.2;29.3;279;"";1005.6;6780;"Pimpri Chinchwad";2024;8;1
"2024-09-01";25.5;21.5;29.6;208;"";1006.3;8820;"Pimpri Chinchwad";2024;9;1
"2024-10-01";27.0;21.3;32.7;61;"";1008.9;13320;"Pimpri Chinchwad";2024;10;1
"2024-11-01";22.7;14.8;30.6;0;"";1012.4;14160;"Pimpri Chinchwad";2024;11;1
"2024-12-01";22.6;14.9;30.3;1;"";1012.2;13620;"Pimpri Chinchwad";2024;12;1
"2025-01-01";22.7;13.9;31.5;0;"";1012.5;15120;"Pimpri Chinchwad";2025;1;1
"2025-02-01";24.9;14.9;34.9;0;"";1012.1;15900;"Pimpri Chinchwad";2025;2;1
"2025-03-01";27.5;17.5;37.5;0;"";1009.3;16620;"Pimpri Chinchwad";2025;3;1
"2025-04-01";30.4;21.5;39.3;7;"";1006.5;16740;"Pimpri Chinchwad";2025;4;1
"2025-05-01";28.3;22.7;33.8;250;"";1004.3;11100;"Pimpri Chinchwad";2025;5;1
"2025-06-01";26.3;22.7;30.0;267;"";1003.6;7080;"Pimpri Chinchwad";2025;6;1
"2025-07-01";25.2;22.2;28.3;130;"";1003.5;2820;"Pimpri Chinchwad";2025;7;1
"2025-08-01";25.1;21.8;28.3;135;"";1005.6;4860;"Pimpri Chinchwad";2025;8;1
"2025-09-01";24.6;21.1;28.1;317;"";1006.9;5460;"Pimpri Chinchwad";2025;9;1
"2025-10-01";25.7;20.2;31.2;67;"";1008.7;13260;"Pimpri Chinchwad";2025;10;1
"2025-11-01";22.4;14.8;30.1;3;"";1013.6;14820;"Pimpri Chinchwad";2025;11;1
"2025-12-01";19.4;10.1;28.8;0;"";1014.7;15600;"Pimpri Chinchwad";2025;12;1
"2020-01-01";21.3;13.3;29.2;0;"";1013.5;15060;"Pune";2020;1;1
"2020-02-01";23.3;14.9;31.8;0;"";1012.8;15180;"Pune";2020;2;1
"2020-03-01";25.4;16.8;34.1;13;"";1010.1;16980;"Pune";2020;3;1
"2020-04-01";29.6;20.7;38.5;0;"";1007.8;17940;"Pune";2020;4;1
"2020-05-01";30.9;23.1;38.7;35;"";1005.5;18900;"Pune";2020;5;1
"2020-06-01";26.9;22.3;31.5;222;"";1003.5;9540;"Pune";2020;6;1
"2020-07-01";26.4;22.4;30.4;120;"";1003.1;7020;"Pune";2020;7;1
"2020-08-01";24.8;21.7;27.9;255;"";1003.6;3600;"Pune";2020;8;1
"2020-09-01";26.5;21.8;30.7;198;"";1005.5;9000;"Pune";2020;9;1
"2020-10-01";25.9;20.4;31.4;312;"";1007.6;10500;"Pune";2020;10;1
"2020-11-01";23.6;16.2;31.0;5;"";1012.5;17940;"Pune";2020;11;1
"2020-12-01";21.8;13.7;29.8;5;"";1012.9;14220;"Pune";2020;12;1
"2021-01-01";23.3;15.7;31.0;37;"";1011.3;13020;"Pune";2021;1;1
"2021-02-01";22.3;13.2;31.5;0;"";1012.5;15000;"Pune";2021;2;1
"2021-03-01";26.6;16.7;36.5;5;"";1009.5;15960;"Pune";2021;3;1
"2021-04-01";28.7;19.8;37.6;28;"";1007.8;15780;"Pune";2021;4;1
"2021-05-01";29.0;22.7;35.3;89;"";1005.0;14100;"Pune";2021;5;1
"2021-06-01";26.2;22.0;30.4;153;"";1005.5;8880;"Pune";2021;6;1
"2021-07-01";25.6;22.1;29.3;193;"";1003.8;5760;"Pune";2021;7;1
"2021-08-01";24.9;21.1;28.6;41;"";1006.1;6960;"Pune";2021;8;1
"2021-09-01";25.1;21.4;28.9;84;"";1005.1;7140;"Pune";2021;9;1
"2021-10-01";25.4;18.8;32.0;140;"";1008.8;15060;"Pune";2021;10;1
"2021-11-01";24.6;18.0;31.1;16;"";1010.0;10980;"Pune";2021;11;1
"2021-12-01";21.3;14.4;28.3;85;"";1014.4;11700;"Pune";2021;12;1
"2022-01-01";20.3;12.4;28.3;0;"";1013.9;14640;"Pune";2022;1;1
"2022-02-01";22.7;12.9;32.5;0;"";1010.9;16020;"Pune";2022;2;1
"2022-03-01";27.2;17.9;36.5;1;"";1008.5;14640;"Pune";2022;3;1
"2022-04-01";30.4;21.6;39.2;0;"";1006.4;15480;"Pune";2022;4;1
"2022-05-01";30.2;23.4;37.0;1;"";1004.1;16620;"Pune";2022;5;1
"2022-06-01";28.5;23.6;33.4;35;"";1003.5;10560;"Pune";2022;6;1
"2022-07-01";24.9;22.0;27.8;386;"";1004.0;3540;"Pune";2022;7;1
"2022-08-01";25.2;21.7;28.8;164;"";1004.1;7560;"Pune";2022;8;1
"2022-09-01";25.7;21.6;29.8;232;"";1006.6;6300;"Pune";2022;9;1
"2022-10-01";24.9;19.4;30.3;303;"";1010.4;11040;"Pune";2022;10;1
"2022-11-01";22.4;13.7;31.0;0;"";1012.9;15240;"Pune";2022;11;1
"2022-12-01";22.8;14.4;31.3;0;"";1011.9;14220;"Pune";2022;12;1
"2023-01-01";21.5;12.0;30.9;0;"";1013.6;14940;"Pune";2023;1;1
"2023-02-01";22.5;11.4;33.7;0;"";1013.1;16380;"Pune";2023;2;1
"2023-03-01";24.6;15.7;33.4;10;"";1011.2;15300;"Pune";2023;3;1
"2023-04-01";27.9;19.2;36.7;37;"";1007.9;16320;"Pune";2023;4;1
"2023-05-01";29.9;22.7;37.2;19;"";1007.2;18300;"Pune";2023;5;1
"2023-06-01";29.0;23.8;34.1;84;"";1005.0;14340;"Pune";2023;6;1
"2023-07-01";25.2;22.4;28.1;155;"";1004.7;2580;"Pune";2023;7;1
"2023-08-01";25.4;21.8;29.1;42;"";1007.7;9420;"Pune";2023;8;1
"2023-09-01";25.7;21.7;29.7;166;"";1006.5;8040;"Pune";2023;9;1
"2023-10-01";26.2;19.4;33.0;19;"";1011.3;13800;"Pune";2023;10;1
"2023-11-01";24.3;17.3;31.3;33;"";1012.6;11940;"Pune";2023;11;1
"2023-12-01";22.1;14.3;30.0;0;"";1013.5;13740;"Pune";2023;12;1
"2024-01-01";22.1;13.5;30.7;2;"";1013.7;14700;"Pune";2024;1;1
"2024-02-01";24.0;14.3;33.7;1;"";1013.3;15660;"Pune";2024;2;1
"2024-03-01";26.7;16.8;36.5;2;"";1010.6;16440;"Pune";2024;3;1
"2024-04-01";30.4;21.3;39.5;11;"";1006.4;16800;"Pune";2024;4;1
"2024-05-01";30.6;23.5;37.7;95;"";1004.7;16740;"Pune";2024;5;1
"2024-06-01";28.3;23.5;33.0;252;"";1003.5;7860;"Pune";2024;6;1
"2024-07-01";25.5;22.7;28.3;394;"";1002.3;2940;"Pune";2024;7;1
"2024-08-01";25.7;22.2;29.3;279;"";1005.6;6780;"Pune";2024;8;1
"2024-09-01";25.5;21.5;29.6;208;"";1006.3;8820;"Pune";2024;9;1
"2024-10-01";27.0;21.3;32.7;61;"";1008.9;13320;"Pune";2024;10;1
"2024-11-01";22.7;14.8;30.6;0;"";1012.4;14160;"Pune";2024;11;1
"2024-12-01";22.6;14.9;30.3;1;"";1012.2;13620;"Pune";2024;12;1
"2025-01-01";22.7;13.9;31.5;0;"";1012.5;15120;"Pune";2025;1;1
"2025-02-01";24.9;14.9;34.9;0;"";1012.1;15900;"Pune";2025;2;1
"2025-03-01";27.5;17.5;37.5;0;"";1009.3;16620;"Pune";2025;3;1
"2025-04-01";30.4;21.5;39.3;7;"";1006.5;16740;"Pune";2025;4;1
"2025-05-01";28.3;22.7;33.8;250;"";1004.3;11100;"Pune";2025;5;1
"2025-06-01";26.3;22.7;30.0;267;"";1003.6;7080;"Pune";2025;6;1
"2025-07-01";25.2;22.2;28.3;130;"";1003.5;2820;"Pune";2025;7;1
"2025-08-01";25.1;21.8;28.3;135;"";1005.6;4860;"Pune";2025;8;1
"2025-09-01";24.6;21.1;28.1;317;"";1006.9;5460;"Pune";2025;9;1
"2025-10-01";25.7;20.2;31.2;67;"";1008.7;13260;"Pune";2025;10;1
"2025-11-01";22.4;14.8;30.1;3;"";1013.6;14820;"Pune";2025;11;1
"2025-12-01";19.4;10.1;28.8;0;"";1014.7;15600;"Pune";2025;12;1
"2021-02-01";24.1;17.6;31.3;2;"";1013.1;0;"Sangli";2021;2;1
"2021-03-01";28.5;21.2;36.1;0;"";1010.8;0;"Sangli";2021;3;1
"2021-04-01";29.2;22.4;36.9;12;"";1009.8;0;"Sangli";2021;4;1
"2021-05-01";27.3;23.2;33.5;78;"";1007.5;0;"Sangli";2021;5;1
"2021-06-01";24.5;21.9;28.8;249;"";1008.1;0;"Sangli";2021;6;1
"2021-07-01";24.0;22.0;27.2;324;"";1006.7;0;"Sangli";2021;7;1
"2021-08-01";24.0;21.4;28.0;68;"";1008.5;0;"Sangli";2021;8;1
"2021-09-01";23.7;21.4;27.4;218;"";1007.8;0;"Sangli";2021;9;1
"2021-10-01";24.7;20.3;30.2;109;"";1010.0;0;"Sangli";2021;10;1
"2021-11-01";23.8;20.1;29.9;103;"";1010.9;0;"Sangli";2021;11;1
"2021-12-01";21.8;16.6;28.5;27;"";1014.2;0;"Sangli";2021;12;1
"2022-01-01";21.4;15.2;29.2;1;"";1013.1;0;"Sangli";2022;1;1
"2022-02-01";24.6;17.0;33.2;0;"";1011.2;0;"Sangli";2022;2;1
"2022-03-01";28.5;21.2;36.5;9;"";1009.4;0;"Sangli";2022;3;1
"2022-04-01";30.4;23.0;38.0;72;"";1008.3;0;"Sangli";2022;4;1
"2022-06-01";28.0;22.7;32.6;67;"";1006.3;0;"Sangli";2022;6;1
"2022-07-01";25.2;21.7;27.5;206;"";1006.4;0;"Sangli";2022;7;1
"2022-08-01";25.2;21.6;28.2;164;"";1006.4;0;"Sangli";2022;8;1
"2022-09-01";25.3;21.2;29.5;137;"";1008.3;0;"Sangli";2022;9;1
"2022-10-01";24.2;19.4;29.6;222;"";1011.2;0;"Sangli";2022;10;1
"2022-11-01";24.1;18.7;30.4;3;"";1012.5;0;"Sangli";2022;11;1
"2022-12-01";23.3;17.8;30.4;24;"";1012.4;0;"Sangli";2022;12;1
"2023-01-01";22.6;16.0;30.4;1;"";1013.6;0;"Sangli";2023;1;1
"2023-02-01";25.8;18.4;34.0;0;"";1012.9;0;"Sangli";2023;2;1
"2023-03-01";26.5;19.0;34.4;10;"";1011.6;0;"Sangli";2023;3;1
"2023-04-01";29.6;21.9;37.0;14;"";1009.4;0;"Sangli";2023;4;1
"2023-05-01";29.9;23.0;37.4;19;"";1009.1;0;"Sangli";2023;5;1
"2023-06-01";28.1;23.2;34.0;65;"";1007.4;0;"Sangli";2023;6;1
"2023-07-01";25.4;22.3;27.9;210;"";1007.4;0;"Sangli";2023;7;1
"2023-08-01";25.9;21.7;29.9;74;"";1009.6;0;"Sangli";2023;8;1
"2023-09-01";25.2;21.8;29.8;129;"";1008.4;0;"Sangli";2023;9;1
"2023-10-01";26.1;20.8;31.8;45;"";1012.1;0;"Sangli";2023;10;1
"2023-11-01";24.7;20.2;30.2;55;"";1013.1;0;"Sangli";2023;11;1
"2023-12-01";23.3;18.2;29.4;1;"";1013.8;0;"Sangli";2023;12;1
"2024-01-01";23.5;17.4;30.3;4;"";1013.9;0;"Sangli";2024;1;1
"2024-02-01";26.0;18.8;34.0;0;"";1013.7;0;"Sangli";2024;2;1
"2024-03-01";29.2;21.7;37.2;0;"";1011.6;0;"Sangli";2024;3;1
"2024-04-01";31.8;25.3;39.7;17;"";1008.3;0;"Sangli";2024;4;1
"2024-05-01";29.9;24.0;38.2;43;"";1006.6;0;"Sangli";2024;5;1
"2024-06-01";25.6;22.9;30.3;339;"";1006.6;0;"Sangli";2024;6;1
"2024-07-01";24.0;22.4;26.9;280;"";1005.4;0;"Sangli";2024;7;1
"2024-10-01";24.3;20.3;29.5;181;"";1010.6;0;"Sangli";2024;10;1
"2024-11-01";23.7;18.4;29.8;24;"";1012.7;0;"Sangli";2024;11;1
"2025-01-01";24.2;17.9;31.0;0;"";1013.0;0;"Sangli";2025;1;1
"2025-02-01";26.7;19.5;34.3;0;"";1012.9;0;"Sangli";2025;2;1
"2025-04-01";30.0;23.0;38.8;11;"";1008.8;0;"Sangli";2025;4;1
"2025-05-01";26.9;22.4;33.1;293;"";1006.3;0;"Sangli";2025;5;1
"2025-06-01";26.3;22.5;29.8;122;"";1006.3;0;"Sangli";2025;6;1
"2025-07-01";25.7;22.2;28.4;109;"";1006.3;0;"Sangli";2025;7;1
"2025-08-01";24.9;21.6;27.9;167;"";1008.0;0;"Sangli";2025;8;1
"2025-09-01";23.4;21.0;27.3;211;"";1009.1;0;"Sangli";2025;9;1
"2025-10-01";24.4;20.9;29.3;134;"";1010.3;0;"Sangli";2025;10;1
"2025-11-01";23.0;17.8;29.0;6;"";1014.0;0;"Sangli";2025;11;1
"2025-12-01";21.5;15.6;28.4;0;"";1014.4;0;"Sangli";2025;12;1
"2020-01-01";21.3;13.3;29.2;0;"";1013.5;15060;"Satara";2020;1;1
"2020-02-01";23.3;14.9;31.8;0;"";1012.8;15180;"Satara";2020;2;1
"2020-03-01";25.4;16.8;34.1;13;"";1010.1;16980;"Satara";2020;3;1
"2020-04-01";29.6;20.7;38.5;0;"";1007.8;17940;"Satara";2020;4;1
"2020-05-01";30.9;23.1;38.7;35;"";1005.5;18900;"Satara";2020;5;1
"2020-06-01";26.9;22.3;31.5;222;"";1003.5;9540;"Satara";2020;6;1
"2020-07-01";26.4;22.4;30.4;120;"";1003.1;7020;"Satara";2020;7;1
"2020-08-01";24.8;21.7;27.9;255;"";1003.6;3600;"Satara";2020;8;1
"2020-09-01";26.5;21.8;30.7;198;"";1005.5;9000;"Satara";2020;9;1
"2020-10-01";25.9;20.4;31.4;312;"";1007.6;10500;"Satara";2020;10;1
"2020-11-01";23.6;16.2;31.0;5;"";1012.5;17940;"Satara";2020;11;1
"2020-12-01";21.8;13.7;29.8;5;"";1012.9;14220;"Satara";2020;12;1
"2021-01-01";22.6;17.3;29.1;37;"";1012.5;13020;"Satara";2021;1;1
"2021-02-01";22.4;15.9;29.6;3;"";1013.6;15000;"Satara";2021;2;1
"2021-03-01";26.5;19.4;34.2;0;"";1011.4;15960;"Satara";2021;3;1
"2021-04-01";27.8;20.8;35.9;5;"";1010.2;15780;"Satara";2021;4;1
"2021-05-01";26.4;22.0;32.2;87;"";1007.6;14100;"Satara";2021;5;1
"2021-06-01";23.9;21.5;27.6;232;"";1008.0;8880;"Satara";2021;6;1
"2021-07-01";23.7;21.8;26.7;263;"";1006.4;5760;"Satara";2021;7;1
"2021-08-01";23.3;20.6;27.2;82;"";1008.4;6960;"Satara";2021;8;1
"2021-09-01";23.3;20.9;26.9;154;"";1007.6;7140;"Satara";2021;9;1
"2021-10-01";23.8;19.1;29.5;86;"";1010.4;15060;"Satara";2021;10;1
"2021-11-01";23.2;18.9;28.6;70;"";1011.3;10980;"Satara";2021;11;1
"2021-12-01";20.3;15.2;26.8;22;"";1014.9;11700;"Satara";2021;12;1
"2022-01-01";19.4;13.4;26.7;2;"";1013.9;14640;"Satara";2022;1;1
"2022-02-01";22.3;15.0;30.6;0;"";1012.0;16020;"Satara";2022;2;1
"2022-03-01";26.9;19.9;34.9;0;"";1010.1;14640;"Satara";2022;3;1
"2022-04-01";28.9;21.5;37.7;2;"";1008.8;15480;"Satara";2022;4;1
"2022-05-01";27.3;21.5;34.6;1;"";1006.5;16620;"Satara";2022;5;1
"2022-06-01";25.2;22.0;30.3;127;"";1006.5;10560;"Satara";2022;6;1
"2022-07-01";23.1;21.3;26.1;317;"";1006.5;3540;"Satara";2022;7;1
"2022-08-01";23.4;21.1;26.8;223;"";1006.5;7560;"Satara";2022;8;1
"2022-09-01";23.1;20.4;27.3;197;"";1008.6;6300;"Satara";2022;9;1
"2022-10-01";22.3;18.2;27.6;144;"";1011.8;11040;"Satara";2022;10;1
"2022-11-01";22.2;16.6;28.6;2;"";1013.4;15240;"Satara";2022;11;1
"2022-12-01";22.0;16.4;28.6;19;"";1013.1;14220;"Satara";2022;12;1
"2023-01-01";21.1;14.6;28.7;0;"";1014.3;14940;"Satara";2023;1;1
"2023-02-01";23.7;16.0;32.2;0;"";1013.8;16380;"Satara";2023;2;1
"2023-03-01";24.7;17.3;33.0;3;"";1012.4;15300;"Satara";2023;3;1
"2023-04-01";27.0;20.2;34.9;12;"";1010.2;16320;"Satara";2023;4;1
"2023-05-01";27.2;20.8;34.8;15;"";1009.8;18300;"Satara";2023;5;1
"2023-06-01";26.3;22.3;31.6;86;"";1007.8;14340;"Satara";2023;6;1
"2023-07-01";23.7;22.2;26.1;269;"";1007.4;2580;"Satara";2023;7;1
"2023-08-01";23.9;21.1;27.8;41;"";1009.9;9420;"Satara";2023;8;1
"2023-09-01";24.1;21.0;28.8;206;"";1008.6;8040;"Satara";2023;9;1
"2023-10-01";24.3;18.7;30.5;58;"";1012.7;13800;"Satara";2023;10;1
"2023-11-01";23.3;18.0;29.4;32;"";1013.6;11940;"Satara";2023;11;1
"2023-12-01";21.4;15.6;28.1;0;"";1014.3;13740;"Satara";2023;12;1
"2024-01-01";21.3;15.0;29.0;1;"";1014.4;14700;"Satara";2024;1;1
"2024-02-01";23.5;16.2;32.2;0;"";1014.4;15660;"Satara";2024;2;1
"2024-03-01";26.7;19.1;35.4;0;"";1012.3;16440;"Satara";2024;3;1
"2024-04-01";30.3;23.3;38.6;1;"";1008.8;16800;"Satara";2024;4;1
"2024-05-01";28.6;22.3;37.0;25;"";1007.0;16740;"Satara";2024;5;1
"2024-06-01";25.3;22.7;29.8;266;"";1006.5;7860;"Satara";2024;6;1
"2024-07-01";23.7;22.3;25.9;326;"";1005.1;2940;"Satara";2024;7;1
"2024-08-01";25.7;22.2;29.3;279;"";1005.6;6780;"Satara";2024;8;1
"2024-09-01";25.5;21.5;29.6;208;"";1006.3;8820;"Satara";2024;9;1
"2024-10-01";23.8;19.8;29.3;178;"";1011.0;13320;"Satara";2024;10;1
"2024-11-01";21.6;16.0;28.0;13;"";1013.3;14160;"Satara";2024;11;1
"2024-12-01";21.4;16.2;28.1;1;"";1013.1;13620;"Satara";2024;12;1
"2025-01-01";21.5;15.2;29.1;0;"";1013.5;15120;"Satara";2025;1;1
"2025-02-01";24.6;17.3;32.9;0;"";1013.4;15900;"Satara";2025;2;1
"2025-03-01";27.5;17.5;37.5;0;"";1009.3;16620;"Satara";2025;3;1
"2025-04-01";28.8;20.9;38.5;1;"";1009.0;16740;"Satara";2025;4;1
"2025-05-01";26.2;21.8;32.7;339;"";1006.6;11100;"Satara";2025;5;1
"2025-06-01";24.3;21.8;28.1;239;"";1006.3;7080;"Satara";2025;6;1
"2025-07-01";23.4;21.8;26.0;147;"";1006.3;2820;"Satara";2025;7;1
"2025-08-01";23.3;21.4;26.5;225;"";1008.0;4860;"Satara";2025;8;1
"2025-09-01";23.0;20.4;26.8;176;"";1009.1;5460;"Satara";2025;9;1
"2025-10-01";23.4;19.6;28.2;117;"";1010.6;13260;"Satara";2025;10;1
"2025-11-01";21.1;15.4;27.7;4;"";1014.5;14820;"Satara";2025;11;1
"2025-12-01";19.9;13.2;27.9;0;"";1014.9;15600;"Satara";2025;12;1
"2021-02-01";26.2;19.5;32.8;0;"";1012.7;0;"Solapur";2021;2;1
"2021-03-01";30.6;23.3;37.2;2;"";1010.0;0;"Solapur";2021;3;1
"2021-04-01";32.1;25.4;38.2;1;"";1008.3;0;"Solapur";2021;4;1
"2021-05-01";30.6;24.5;37.0;107;"";1005.8;0;"Solapur";2021;5;1
"2021-06-01";27.0;22.5;32.5;183;"";1006.2;0;"Solapur";2021;6;1
"2021-07-01";26.2;22.1;30.6;149;"";1004.7;0;"Solapur";2021;7;1
"2021-08-01";26.7;21.9;31.0;85;"";1006.5;0;"Solapur";2021;8;1
"2021-09-01";26.1;21.4;30.6;267;"";1006.0;0;"Solapur";2021;9;1
"2021-10-01";26.7;20.8;32.8;42;"";1009.2;0;"Solapur";2021;10;1
"2021-11-01";26.0;20.4;31.5;75;"";1010.5;0;"Solapur";2021;11;1
"2021-12-01";23.8;17.9;30.0;13;"";1014.1;0;"Solapur";2021;12;1
"2022-01-01";23.6;17.6;30.0;0;"";1013.0;0;"Solapur";2022;1;1
"2022-02-01";26.6;20.1;33.1;0;"";1011.0;0;"Solapur";2022;2;1
"2022-03-01";30.9;24.0;37.5;1;"";1008.6;0;"Solapur";2022;3;1
"2022-04-01";33.7;27.2;40.2;26;"";1006.8;0;"Solapur";2022;4;1
"2022-06-01";28.7;24.4;35.0;97;"";1004.6;0;"Solapur";2022;6;1
"2022-07-01";25.5;22.6;29.7;307;"";1004.9;0;"Solapur";2022;7;1
"2022-08-01";25.8;22.5;30.6;201;"";1005.0;0;"Solapur";2022;8;1
"2022-09-01";25.7;22.0;31.0;263;"";1007.2;0;"Solapur";2022;9;1
"2022-10-01";25.0;20.3;30.9;165;"";1010.6;0;"Solapur";2022;10;1
"2022-11-01";25.5;19.1;32.2;0;"";1012.6;0;"Solapur";2022;11;1
"2022-12-01";25.1;19.2;31.8;3;"";1012.4;0;"Solapur";2022;12;1
"2023-01-01";24.8;18.6;31.6;0;"";1013.6;0;"Solapur";2023;1;1
"2023-02-01";27.3;19.5;34.6;0;"";1012.9;0;"Solapur";2023;2;1
"2023-03-01";28.7;22.1;35.0;0;"";1011.1;0;"Solapur";2023;3;1
"2023-04-01";31.3;24.0;37.9;40;"";1008.7;0;"Solapur";2023;4;1
"2023-05-01";32.8;26.3;39.2;8;"";1007.3;0;"Solapur";2023;5;1
"2023-06-01";31.0;25.7;37.0;72;"";1005.5;0;"Solapur";2023;6;1
"2023-07-01";25.7;22.3;30.0;364;"";1005.6;0;"Solapur";2023;7;1
"2023-08-01";27.3;22.3;32.3;53;"";1008.1;0;"Solapur";2023;8;1
"2023-09-01";27.1;22.3;31.9;194;"";1006.8;0;"Solapur";2023;9;1
"2023-10-01";27.3;21.3;34.0;63;"";1011.6;0;"Solapur";2023;10;1
"2023-11-01";26.6;21.2;32.1;178;"";1012.9;0;"Solapur";2023;11;1
"2023-12-01";23.4;18.2;30.0;0;"";1014.0;0;"Solapur";2023;12;1
"2024-01-01";25.1;19.2;31.9;1;"";1013.7;0;"Solapur";2024;1;1
"2024-02-01";28.2;21.7;34.9;0;"";1013.3;0;"Solapur";2024;2;1
"2024-03-01";31.7;24.9;38.0;0;"";1010.7;0;"Solapur";2024;3;1
"2024-04-01";33.7;27.1;40.3;37;"";1007.2;0;"Solapur";2024;4;1
"2024-05-01";32.9;26.3;40.1;46;"";1004.8;0;"Solapur";2024;5;1
"2024-06-01";27.4;23.9;32.8;368;"";1005.0;0;"Solapur";2024;6;1
"2024-07-01";26.7;23.0;30.3;212;"";1003.6;0;"Solapur";2024;7;1
"2024-10-01";26.6;22.0;32.9;112;"";1009.8;0;"Solapur";2024;10;1
"2024-11-01";24.8;19.1;31.8;6;"";1012.5;0;"Solapur";2024;11;1
"2025-01-01";24.3;17.9;32.2;0;"";1013.1;0;"Solapur";2025;1;1
"2025-02-01";27.7;20.5;35.3;0;"";1012.6;0;"Solapur";2025;2;1
"2025-04-01";33.1;26.1;40.5;6;"";1007.0;0;"Solapur";2025;4;1
"2025-05-01";29.3;24.4;35.5;223;"";1004.8;0;"Solapur";2025;5;1
"2025-06-01";27.5;23.8;32.8;83;"";1004.6;0;"Solapur";2025;6;1
"2025-07-01";26.9;23.3;31.7;201;"";1004.6;0;"Solapur";2025;7;1
"2025-08-01";25.7;22.3;30.3;355;"";1006.7;0;"Solapur";2025;8;1
"2025-09-01";24.9;21.7;29.8;321;"";1008.0;0;"Solapur";2025;9;1
"2025-10-01";25.8;21.4;32.3;120;"";1010.3;0;"Solapur";2025;10;1
"2025-11-01";25.0;18.8;32.5;6;"";1014.1;0;"Solapur";2025;11;1
"2025-12-01";23.2;16.0;32.0;0;"";1015.0;0;"Solapur";2025;12;1
"2020-01-01";24.9;19.2;29.9;0;"";1013.4;13800;"Thane";2020;1;1
"2020-02-01";27.3;21.0;32.6;0;"";1012.7;11220;"Thane";2020;2;1
"2020-03-01";27.7;22.6;31.9;0;"";1011.2;12900;"Thane";2020;3;1
"2020-04-01";30.2;26.4;33.9;0;"";1009.6;14220;"Thane";2020;4;1
"2020-05-01";31.1;28.6;34.0;0;"";1007.3;15960;"Thane";2020;5;1
"2020-06-01";29.2;26.0;32.3;525;"";1003.7;8340;"Thane";2020;6;1
"2020-07-01";28.1;25.4;30.5;1502;"";1003.2;4620;"Thane";2020;7;1
"2020-08-01";27.6;25.0;29.6;827;"";1003.3;2760;"Thane";2020;8;1
"2020-09-01";28.4;25.3;31.4;320;"";1005.6;7080;"Thane";2020;9;1
"2020-10-01";29.2;25.6;32.7;224;"";1007.3;7920;"Thane";2020;10;1
"2020-11-01";28.7;23.1;33.9;0;"";1011.8;12720;"Thane";2020;11;1
"2020-12-01";26.6;20.8;32.3;25;"";1012.0;11400;"Thane";2020;12;1
"2021-01-01";25.9;20.5;30.9;1;"";1011.1;11100;"Thane";2021;1;1
"2021-02-01";27.3;21.4;32.9;0;"";1012.1;11280;"Thane";2021;2;1
"2021-03-01";29.7;23.9;35.0;0;"";1010.0;13200;"Thane";2021;3;1
"2021-04-01";30.0;26.2;33.6;0;"";1009.1;13620;"Thane";2021;4;1
"2021-05-01";30.7;27.8;33.8;154;"";1005.5;12000;"Thane";2021;5;1
"2021-06-01";28.6;25.5;31.5;317;"";1005.3;6360;"Thane";2021;6;1
"2021-07-01";28.6;25.7;30.8;774;"";1003.8;4800;"Thane";2021;7;1
"2021-08-01";27.8;25.1;30.0;295;"";1006.3;5520;"Thane";2021;8;1
"2021-09-01";27.7;24.8;30.1;437;"";1005.1;5820;"Thane";2021;9;1
"2021-10-01";29.4;25.2;33.5;32;"";1008.6;13620;"Thane";2021;10;1
"2021-11-01";29.5;25.0;34.1;50;"";1009.2;12720;"Thane";2021;11;1
"2021-12-01";25.8;21.0;30.6;103;"";1013.3;10080;"Thane";2021;12;1
"2022-01-01";24.5;19.3;29.3;10;"";1012.9;11940;"Thane";2022;1;1
"2022-02-01";25.3;19.3;30.5;0;"";1011.3;14220;"Thane";2022;2;1
"2022-03-01";30.0;24.7;34.9;0;"";1008.9;9240;"Thane";2022;3;1
"2022-04-01";30.6;26.8;34.5;0;"";1008.0;12120;"Thane";2022;4;1
"2022-05-01";30.9;28.8;34.0;7;"";1005.7;13080;"Thane";2022;5;1
"2022-06-01";29.3;26.6;32.9;298;"";1004.4;7860;"Thane";2022;6;1
"2022-07-01";27.8;25.3;29.8;1185;"";1004.0;3060;"Thane";2022;7;1
"2022-08-01";27.7;25.1;30.3;551;"";1004.2;5160;"Thane";2022;8;1
"2022-09-01";27.5;24.7;30.2;528;"";1006.6;5700;"Thane";2022;9;1
"2022-10-01";28.4;24.5;32.4;166;"";1009.8;11700;"Thane";2022;10;1
"2022-11-01";27.9;21.9;33.6;0;"";1011.7;12180;"Thane";2022;11;1
"2022-12-01";27.3;21.8;32.5;6;"";1011.4;10680;"Thane";2022;12;1
"2023-01-01";24.4;18.7;29.5;0;"";1013.4;11520;"Thane";2023;1;1
"2023-02-01";28.1;20.6;34.2;0;"";1012.4;13980;"Thane";2023;2;1
"2023-03-01";28.9;23.6;33.5;21;"";1011.2;12120;"Thane";2023;3;1
"2023-04-01";30.0;25.8;33.8;15;"";1009.0;14220;"Thane";2023;4;1
"2023-05-01";30.8;28.3;33.6;1;"";1008.8;17220;"Thane";2023;5;1
"2023-06-01";30.4;27.8;33.7;561;"";1005.7;11460;"Thane";2023;6;1
"2023-07-01";27.8;25.3;29.4;1769;"";1004.7;1680;"Thane";2023;7;1
"2023-08-01";28.6;26.3;30.8;187;"";1007.9;7140;"Thane";2023;8;1
"2023-09-01";28.2;25.2;31.0;484;"";1006.6;6660;"Thane";2023;9;1
"2023-10-01";30.2;25.8;34.5;13;"";1011.0;10200;"Thane";2023;10;1
"2023-11-01";29.4;24.3;34.4;7;"";1011.7;11040;"Thane";2023;11;1
"2023-12-01";27.9;22.8;32.9;0;"";1012.3;10140;"Thane";2023;12;1
"2024-01-01";26.3;19.9;31.3;1;"";1013.2;12240;"Thane";2024;1;1
"2024-02-01";27.1;20.6;32.6;0;"";1013.5;14700;"Thane";2024;2;1
"2024-03-01";28.3;23.2;32.8;0;"";1011.9;14340;"Thane";2024;3;1
"2024-04-01";30.7;26.6;34.7;0;"";1008.2;14340;"Thane";2024;4;1
"2024-05-01";31.1;28.6;34.2;1;"";1005.9;0;"Thane";2024;5;1
"2024-06-01";29.7;27.2;33.2;351;"";1004.0;6780;"Thane";2024;6;1
"2024-07-01";27.5;25.3;29.8;1664;"";1002.1;1020;"Thane";2024;7;1
"2024-08-01";28.2;26.3;30.9;391;"";1005.7;5700;"Thane";2024;8;1
"2024-09-01";27.7;25.2;30.6;659;"";1006.5;8040;"Thane";2024;9;1
"2024-10-01";29.3;25.6;33.3;112;"";1008.8;11040;"Thane";2024;10;1
"2024-11-01";28.4;22.6;34.1;1;"";1011.2;10560;"Thane";2024;11;1
"2024-12-01";26.2;20.6;32.0;0;"";1011.7;8040;"Thane";2024;12;1
"2025-01-01";26.2;20.0;32.2;0;"";1011.9;11100;"Thane";2025;1;1
"2025-02-01";28.0;21.2;34.0;0;"";1012.2;13560;"Thane";2025;2;1
"2025-03-01";29.3;24.2;34.4;0;"";1010.0;13680;"Thane";2025;3;1
"2025-04-01";30.2;26.7;34.1;0;"";1008.2;13800;"Thane";2025;4;1
"2025-05-01";29.5;25.8;32.9;237;"";1005.0;10140;"Thane";2025;5;1
"2025-06-01";28.6;26.2;31.4;511;"";1003.6;5460;"Thane";2025;6;1
"2025-07-01";28.1;26.0;30.0;802;"";1003.5;2760;"Thane";2025;7;1
"2025-08-01";27.4;25.5;29.5;1098;"";1005.7;4500;"Thane";2025;8;1
"2025-09-01";27.0;25.4;29.0;481;"";1007.2;4020;"Thane";2025;9;1
"2025-10-01";29.1;26.3;32.8;170;"";1008.0;10800;"Thane";2025;10;1
"2025-11-01";27.8;24.3;32.0;9;"";1012.5;11880;"Thane";2025;11;1
"2025-12-01";27.0;22.8;32.1;0;"";1012.9;11700;"Thane";2025;12;1
"2020-01-01";24.9;19.2;29.9;0;"";1013.4;13800;"Ulhasnagar";2020;1;1
"2020-02-01";27.3;21.0;32.6;0;"";1012.7;11220;"Ulhasnagar";2020;2;1
"2020-03-01";27.7;22.6;31.9;0;"";1011.2;12900;"Ulhasnagar";2020;3;1
"2020-04-01";30.2;26.4;33.9;0;"";1009.6;14220;"Ulhasnagar";2020;4;1
"2020-05-01";31.1;28.6;34.0;0;"";1007.3;15960;"Ulhasnagar";2020;5;1
"2020-06-01";29.2;26.0;32.3;525;"";1003.7;8340;"Ulhasnagar";2020;6;1
"2020-07-01";28.1;25.4;30.5;1502;"";1003.2;4620;"Ulhasnagar";2020;7;1
"2020-08-01";27.6;25.0;29.6;827;"";1003.3;2760;"Ulhasnagar";2020;8;1
"2020-09-01";28.4;25.3;31.4;320;"";1005.6;7080;"Ulhasnagar";2020;9;1
"2020-10-01";29.2;25.6;32.7;224;"";1007.3;7920;"Ulhasnagar";2020;10;1
"2020-11-01";28.7;23.1;33.9;0;"";1011.8;12720;"Ulhasnagar";2020;11;1
"2020-12-01";26.6;20.8;32.3;25;"";1012.0;11400;"Ulhasnagar";2020;12;1
"2021-01-01";25.9;20.5;30.9;1;"";1011.1;11100;"Ulhasnagar";2021;1;1
"2021-02-01";27.3;21.4;32.9;0;"";1012.1;11280;"Ulhasnagar";2021;2;1
"2021-03-01";29.7;23.9;35.0;0;"";1010.0;13200;"Ulhasnagar";2021;3;1
"2021-04-01";30.0;26.2;33.6;0;"";1009.1;13620;"Ulhasnagar";2021;4;1
"2021-05-01";30.7;27.8;33.8;154;"";1005.5;12000;"Ulhasnagar";2021;5;1
"2021-06-01";28.6;25.5;31.5;317;"";1005.3;6360;"Ulhasnagar";2021;6;1
"2021-07-01";28.6;25.7;30.8;774;"";1003.8;4800;"Ulhasnagar";2021;7;1
"2021-08-01";25.0;21.4;28.0;336;"";1007.2;5520;"Ulhasnagar";2021;8;1
"2021-09-01";25.0;21.6;28.0;406;"";1006.1;5820;"Ulhasnagar";2021;9;1
"2021-10-01";26.4;21.8;32.5;109;"";1009.0;13620;"Ulhasnagar";2021;10;1
"2021-11-01";26.9;21.8;33.9;46;"";1009.5;12720;"Ulhasnagar";2021;11;1
"2021-12-01";23.5;17.9;30.4;152;"";1013.5;10080;"Ulhasnagar";2021;12;1
"2022-01-01";22.2;15.9;29.8;6;"";1013.0;11940;"Ulhasnagar";2022;1;1
"2022-02-01";24.4;17.3;33.4;0;"";1011.4;14220;"Ulhasnagar";2022;2;1
"2022-03-01";29.5;22.2;38.7;0;"";1008.9;9240;"Ulhasnagar";2022;3;1
"2022-04-01";30.2;23.2;39.8;0;"";1007.9;12120;"Ulhasnagar";2022;4;1
"2022-05-01";29.9;23.9;36.7;7;"";1005.8;13080;"Ulhasnagar";2022;5;1
"2022-06-01";27.4;23.1;32.8;343;"";1005.1;7860;"Ulhasnagar";2022;6;1
"2022-07-01";24.6;21.7;27.1;803;"";1005.2;3060;"Ulhasnagar";2022;7;1
"2022-08-01";25.0;21.6;28.1;591;"";1005.1;5160;"Ulhasnagar";2022;8;1
"2022-09-01";24.8;21.9;28.7;419;"";1007.4;5700;"Ulhasnagar";2022;9;1
"2022-10-01";25.1;21.0;30.7;158;"";1010.4;11700;"Ulhasnagar";2022;10;1
"2022-11-01";25.5;19.2;33.0;0;"";1011.8;12180;"Ulhasnagar";2022;11;1
"2022-12-01";25.9;19.7;33.5;3;"";1011.5;10680;"Ulhasnagar";2022;12;1
"2023-01-01";23.4;17.0;31.9;1;"";1013.4;11520;"Ulhasnagar";2023;1;1
"2023-02-01";26.9;18.9;36.2;0;"";1012.4;13980;"Ulhasnagar";2023;2;1
"2023-03-01";27.2;20.8;35.5;5;"";1011.4;12120;"Ulhasnagar";2023;3;1
"2023-04-01";29.6;23.2;38.1;1;"";1009.2;14220;"Ulhasnagar";2023;4;1
"2023-05-01";29.9;24.4;37.5;12;"";1009.0;17220;"Ulhasnagar";2023;5;1
"2023-06-01";28.3;23.8;33.2;279;"";1006.3;11460;"Ulhasnagar";2023;6;1
"2023-07-01";24.9;22.0;27.6;827;"";1005.9;1680;"Ulhasnagar";2023;7;1
"2023-08-01";25.4;21.7;28.9;184;"";1008.6;7140;"Ulhasnagar";2023;8;1
"2023-09-01";25.5;22.0;29.3;349;"";1007.5;6660;"Ulhasnagar";2023;9;1
"2023-10-01";27.6;22.3;34.1;6;"";1011.3;10200;"Ulhasnagar";2023;10;1
"2023-11-01";26.8;20.9;34.0;9;"";1011.9;11040;"Ulhasnagar";2023;11;1
"2023-12-01";25.3;18.9;32.9;0;"";1012.4;10140;"Ulhasnagar";2023;12;1
"2024-01-01";24.2;17.9;31.9;4;"";1013.3;12240;"Ulhasnagar";2024;1;1
"2024-02-01";26.0;18.8;34.8;0;"";1013.5;14700;"Ulhasnagar";2024;2;1
"2024-03-01";27.9;20.5;37.5;0;"";1011.8;14340;"Ulhasnagar";2024;3;1
"2024-04-01";31.2;24.4;40.6;0;"";1008.2;14340;"Ulhasnagar";2024;4;1
"2024-05-01";31.0;25.0;38.5;9;"";1006.1;0;"Ulhasnagar";2024;5;1
"2024-06-01";27.4;23.7;32.0;283;"";1004.9;6780;"Ulhasnagar";2024;6;1
"2024-07-01";25.2;22.4;27.9;824;"";1003.3;1020;"Ulhasnagar";2024;7;1
"2024-08-01";28.2;26.3;30.9;391;"";1005.7;5700;"Ulhasnagar";2024;8;1
"2024-09-01";27.7;25.2;30.6;659;"";1006.5;8040;"Ulhasnagar";2024;9;1
"2024-10-01";26.8;22.9;32.6;139;"";1009.4;11040;"Ulhasnagar";2024;10;1
"2024-11-01";25.1;18.9;32.9;1;"";1011.5;10560;"Ulhasnagar";2024;11;1
"2024-12-01";23.9;17.9;31.7;0;"";1011.8;8040;"Ulhasnagar";2024;12;1
"2025-01-01";24.7;17.9;33.4;0;"";1012.0;11100;"Ulhasnagar";2025;1;1
"2025-02-01";26.8;19.0;36.6;0;"";1012.2;13560;"Ulhasnagar";2025;2;1
"2025-03-01";29.3;24.2;34.4;0;"";1010.0;13680;"Ulhasnagar";2025;3;1
"2025-04-01";29.9;23.0;39.5;1;"";1008.3;13800;"Ulhasnagar";2025;4;1
"2025-05-01";28.1;23.0;34.6;216;"";1005.6;10140;"Ulhasnagar";2025;5;1
"2025-06-01";26.0;22.6;30.4;613;"";1004.7;5460;"Ulhasnagar";2025;6;1
"2025-07-01";24.8;22.0;28.0;542;"";1004.8;2760;"Ulhasnagar";2025;7;1
"2025-08-01";24.8;21.9;27.8;511;"";1006.7;4500;"Ulhasnagar";2025;8;1
"2025-09-01";24.9;23.0;28.2;494;"";1007.9;4020;"Ulhasnagar";2025;9;1
"2025-10-01";26.1;22.2;31.5;122;"";1008.7;10800;"Ulhasnagar";2025;10;1
"2025-11-01";24.5;18.4;32.1;9;"";1012.9;11880;"Ulhasnagar";2025;11;1
"2025-12-01";23.3;15.7;32.7;0;"";1013.1;11700;"Ulhasnagar";2025;12;1
"2020-01-01";24.9;19.2;29.9;0;"";1013.4;13800;"Vasai Virar";2020;1;1
"2020-02-01";27.3;21.0;32.6;0;"";1012.7;11220;"Vasai Virar";2020;2;1
"2020-03-01";27.7;22.6;31.9;0;"";1011.2;12900;"Vasai Virar";2020;3;1
"2020-04-01";30.2;26.4;33.9;0;"";1009.6;14220;"Vasai Virar";2020;4;1
"2020-05-01";31.1;28.6;34.0;0;"";1007.3;15960;"Vasai Virar";2020;5;1
"2020-06-01";29.2;26.0;32.3;525;"";1003.7;8340;"Vasai Virar";2020;6;1
"2020-07-01";28.1;25.4;30.5;1502;"";1003.2;4620;"Vasai Virar";2020;7;1
"2020-08-01";27.6;25.0;29.6;827;"";1003.3;2760;"Vasai Virar";2020;8;1
"2020-09-01";28.4;25.3;31.4;320;"";1005.6;7080;"Vasai Virar";2020;9;1
"2020-10-01";29.2;25.6;32.7;224;"";1007.3;7920;"Vasai Virar";2020;10;1
"2020-11-01";28.7;23.1;33.9;0;"";1011.8;12720;"Vasai Virar";2020;11;1
"2020-12-01";26.6;20.8;32.3;25;"";1012.0;11400;"Vasai Virar";2020;12;1
"2021-01-01";25.9;20.5;30.9;1;"";1011.1;11100;"Vasai Virar";2021;1;1
"2021-02-01";27.3;21.4;32.9;0;"";1012.1;11280;"Vasai Virar";2021;2;1
"2021-03-01";29.7;23.9;35.0;0;"";1010.0;13200;"Vasai Virar";2021;3;1
"2021-04-01";30.0;26.2;33.6;0;"";1009.1;13620;"Vasai Virar";2021;4;1
"2021-05-01";30.7;27.8;33.8;154;"";1005.5;12000;"Vasai Virar";2021;5;1
"2021-06-01";28.6;25.5;31.5;317;"";1005.3;6360;"Vasai Virar";2021;6;1
"2021-07-01";28.6;25.7;30.8;774;"";1003.8;4800;"Vasai Virar";2021;7;1
"2021-08-01";27.8;25.1;30.0;295;"";1006.3;5520;"Vasai Virar";2021;8;1
"2021-09-01";27.7;24.8;30.1;437;"";1005.1;5820;"Vasai Virar";2021;9;1
"2021-10-01";29.4;25.2;33.5;32;"";1008.6;13620;"Vasai Virar";2021;10;1
"2021-11-01";29.5;25.0;34.1;50;"";1009.2;12720;"Vasai Virar";2021;11;1
"2021-12-01";25.8;21.0;30.6;103;"";1013.3;10080;"Vasai Virar";2021;12;1
"2022-01-01";24.5;19.3;29.3;10;"";1012.9;11940;"Vasai Virar";2022;1;1
"2022-02-01";25.3;19.3;30.5;0;"";1011.3;14220;"Vasai Virar";2022;2;1
"2022-03-01";30.0;24.7;34.9;0;"";1008.9;9240;"Vasai Virar";2022;3;1
"2022-04-01";30.6;26.8;34.5;0;"";1008.0;12120;"Vasai Virar";2022;4;1
"2022-05-01";30.9;28.8;34.0;7;"";1005.7;13080;"Vasai Virar";2022;5;1
"2022-06-01";29.3;26.6;32.9;298;"";1004.4;7860;"Vasai Virar";2022;6;1
"2022-07-01";27.8;25.3;29.8;1185;"";1004.0;3060;"Vasai Virar";2022;7;1
"2022-08-01";27.7;25.1;30.3;551;"";1004.2;5160;"Vasai Virar";2022;8;1
"2022-09-01";27.5;24.7;30.2;528;"";1006.6;5700;"Vasai Virar";2022;9;1
"2022-10-01";28.4;24.5;32.4;166;"";1009.8;11700;"Vasai Virar";2022;10;1
"2022-11-01";27.9;21.9;33.6;0;"";1011.7;12180;"Vasai Virar";2022;11;1
"2022-12-01";27.3;21.8;32.5;6;"";1011.4;10680;"Vasai Virar";2022;12;1
"2023-01-01";24.4;18.7;29.5;0;"";1013.4;11520;"Vasai Virar";2023;1;1
"2023-02-01";28.1;20.6;34.2;0;"";1012.4;13980;"Vasai Virar";2023;2;1
"2023-03-01";28.9;23.6;33.5;21;"";1011.2;12120;"Vasai Virar";2023;3;1
"2023-04-01";30.0;25.8;33.8;15;"";1009.0;14220;"Vasai Virar";2023;4;1
"2023-05-01";30.8;28.3;33.6;1;"";1008.8;17220;"Vasai Virar";2023;5;1
"2023-06-01";30.4;27.8;33.7;561;"";1005.7;11460;"Vasai Virar";2023;6;1
"2023-07-01";27.8;25.3;29.4;1769;"";1004.7;1680;"Vasai Virar";2023;7;1
"2023-08-01";28.6;26.3;30.8;187;"";1007.9;7140;"Vasai Virar";2023;8;1
"2023-09-01";28.2;25.2;31.0;484;"";1006.6;6660;"Vasai Virar";2023;9;1
"2023-10-01";30.2;25.8;34.5;13;"";1011.0;10200;"Vasai Virar";2023;10;1
"2023-11-01";29.4;24.3;34.4;7;"";1011.7;11040;"Vasai Virar";2023;11;1
"2023-12-01";27.9;22.8;32.9;0;"";1012.3;10140;"Vasai Virar";2023;12;1
"2024-01-01";26.3;19.9;31.3;1;"";1013.2;12240;"Vasai Virar";2024;1;1
"2024-02-01";27.1;20.6;32.6;0;"";1013.5;14700;"Vasai Virar";2024;2;1
"2024-03-01";28.3;23.2;32.8;0;"";1011.9;14340;"Vasai Virar";2024;3;1
"2024-04-01";30.7;26.6;34.7;0;"";1008.2;14340;"Vasai Virar";2024;4;1
"2024-05-01";31.1;28.6;34.2;1;"";1005.9;0;"Vasai Virar";2024;5;1
"2024-06-01";29.7;27.2;33.2;351;"";1004.0;6780;"Vasai Virar";2024;6;1
"2024-07-01";27.5;25.3;29.8;1664;"";1002.1;1020;"Vasai Virar";2024;7;1
"2024-08-01";28.2;26.3;30.9;391;"";1005.7;5700;"Vasai Virar";2024;8;1
"2024-09-01";27.7;25.2;30.6;659;"";1006.5;8040;"Vasai Virar";2024;9;1
"2024-10-01";29.3;25.6;33.3;112;"";1008.8;11040;"Vasai Virar";2024;10;1
"2024-11-01";28.4;22.6;34.1;1;"";1011.2;10560;"Vasai Virar";2024;11;1
"2024-12-01";26.2;20.6;32.0;0;"";1011.7;8040;"Vasai Virar";2024;12;1
"2025-01-01";26.2;20.0;32.2;0;"";1011.9;11100;"Vasai Virar";2025;1;1
"2025-02-01";28.0;21.2;34.0;0;"";1012.2;13560;"Vasai Virar";2025;2;1
"2025-03-01";29.3;24.2;34.4;0;"";1010.0;13680;"Vasai Virar";2025;3;1
"2025-04-01";30.2;26.7;34.1;0;"";1008.2;13800;"Vasai Virar";2025;4;1
"2025-05-01";29.5;25.8;32.9;237;"";1005.0;10140;"Vasai Virar";2025;5;1
"2025-06-01";28.6;26.2;31.4;511;"";1003.6;5460;"Vasai Virar";2025;6;1
"2025-07-01";28.1;26.0;30.0;802;"";1003.5;2760;"Vasai Virar";2025;7;1
"2025-08-01";27.4;25.5;29.5;1098;"";1005.7;4500;"Vasai Virar";2025;8;1
"2025-09-01";27.0;25.4;29.0;481;"";1007.2;4020;"Vasai Virar";2025;9;1
"2025-10-01";29.1;26.3;32.8;170;"";1008.0;10800;"Vasai Virar";2025;10;1
"2025-11-01";27.8;24.3;32.0;9;"";1012.5;11880;"Vasai Virar";2025;11;1
"2025-12-01";27.0;22.8;32.1;0;"";1012.9;11700;"Vasai Virar";2025;12;1
"2020-01-01";19.9;12.7;27.0;66;"";1016.0;11460;"Wardha";2020;1;1
"2020-02-01";22.0;14.0;30.0;12;"";1015.7;13860;"Wardha";2020;2;1
"2020-03-01";26.7;18.7;34.8;29;"";1011.1;14160;"Wardha";2020;3;1
"2020-04-01";31.1;22.1;40.2;12;"";1007.9;16740;"Wardha";2020;4;1
"2020-05-01";34.3;25.3;43.3;23;"";1003.3;18900;"Wardha";2020;5;1
"2020-06-01";29.3;24.1;34.6;279;"";1001.9;7680;"Wardha";2020;6;1
"2020-07-01";28.7;24.1;33.2;376;"";1002.1;8520;"Wardha";2020;7;1
"2020-08-01";26.9;23.6;30.1;440;"";1001.3;4200;"Wardha";2020;8;1
"2020-09-01";28.9;24.1;33.7;214;"";1004.3;9240;"Wardha";2020;9;1
"2020-10-01";28.0;22.3;33.7;93;"";1007.5;12060;"Wardha";2020;10;1
"2020-11-01";23.9;16.1;31.6;11;"";1014.9;15420;"Wardha";2020;11;1
"2020-12-01";21.8;13.7;29.9;1;"";1015.3;14160;"Wardha";2020;12;1
"2021-01-01";23.4;17.5;30.2;3;"";1012.9;11760;"Wardha";2021;1;1
"2021-02-01";23.7;16.5;31.7;9;"";1013.7;14100;"Wardha";2021;2;1
"2021-03-01";28.2;20.9;36.9;7;"";1010.5;15900;"Wardha";2021;3;1
"2021-04-01";31.4;24.0;39.7;0;"";1007.7;14700;"Wardha";2021;4;1
"2021-05-01";33.1;27.4;39.7;8;"";1004.3;15360;"Wardha";2021;5;1
"2021-06-01";29.0;25.5;34.6;139;"";1003.3;8280;"Wardha";2021;6;1
"2021-07-01";27.6;25.1;31.8;447;"";1001.9;6840;"Wardha";2021;7;1
"2021-08-01";27.0;24.4;31.3;206;"";1004.3;6660;"Wardha";2021;8;1
"2021-09-01";26.4;23.9;30.6;306;"";1004.3;6420;"Wardha";2021;9;1
"2021-10-01";26.0;21.4;32.4;61;"";1009.1;13320;"Wardha";2021;10;1
"2021-11-01";25.0;20.1;31.1;16;"";1011.7;12000;"Wardha";2021;11;1
"2021-12-01";21.5;15.9;28.3;11;"";1015.4;11700;"Wardha";2021;12;1
"2022-01-01";19.8;14.3;26.9;22;"";1014.4;12000;"Wardha";2022;1;1
"2022-02-01";23.1;16.1;30.9;1;"";1012.0;14100;"Wardha";2022;2;1
"2022-03-01";29.3;21.5;38.0;0;"";1008.9;15720;"Wardha";2022;3;1
"2022-04-01";34.4;27.0;42.4;0;"";1005.8;0;"Wardha";2022;4;1
"2022-05-01";35.5;29.3;42.4;6;"";1001.6;15180;"Wardha";2022;5;1
"2022-06-01";31.8;27.2;38.6;148;"";1002.1;8160;"Wardha";2022;6;1
"2022-07-01";26.2;24.1;29.9;738;"";1001.9;2520;"Wardha";2022;7;1
"2022-08-01";26.7;24.1;30.8;315;"";1002.8;7980;"Wardha";2022;8;1
"2022-09-01";26.6;23.8;31.1;286;"";1005.5;7140;"Wardha";2022;9;1
"2022-10-01";25.0;20.8;31.1;156;"";1010.6;13500;"Wardha";2022;10;1
"2022-11-01";22.4;16.3;29.8;0;"";1013.7;15360;"Wardha";2022;11;1
"2022-12-01";22.6;16.9;29.6;7;"";1013.5;12660;"Wardha";2022;12;1
"2023-01-01";21.4;15.3;29.1;0;"";1014.9;13020;"Wardha";2023;1;1
"2023-02-01";24.1;16.2;33.6;0;"";1013.7;16020;"Wardha";2023;2;1
"2023-03-01";26.9;20.1;35.0;9;"";1011.6;13680;"Wardha";2023;3;1
"2023-04-01";29.8;23.5;37.7;58;"";1009.0;12780;"Wardha";2023;4;1
"2023-05-01";31.9;25.3;39.8;19;"";1006.4;16740;"Wardha";2023;5;1
"2023-06-01";32.9;28.2;38.7;73;"";1002.7;11400;"Wardha";2023;6;1
"2023-07-01";27.4;24.9;31.7;423;"";1002.3;4200;"Wardha";2023;7;1
"2023-08-01";27.3;24.4;31.6;117;"";1005.5;7980;"Wardha";2023;8;1
"2023-09-01";26.9;24.1;31.5;221;"";1004.8;5940;"Wardha";2023;9;1
"2023-10-01";26.7;21.2;33.3;1;"";1011.5;15180;"Wardha";2023;10;1
"2023-11-01";24.0;18.7;30.6;47;"";1014.1;11580;"Wardha";2023;11;1
"2023-12-01";21.2;16.1;27.6;1;"";1015.3;10260;"Wardha";2023;12;1
"2024-01-01";21.8;16.3;28.9;0;"";1015.0;8940;"Wardha";2024;1;1
"2024-02-01";24.2;18.1;32.2;19;"";1014.5;12060;"Wardha";2024;2;1
"2024-03-01";28.0;21.0;36.8;6;"";1011.4;14100;"Wardha";2024;3;1
"2024-04-01";30.9;24.6;38.7;20;"";1008.1;12660;"Wardha";2024;4;1
"2024-05-01";33.2;27.3;41.4;1;"";1003.5;14640;"Wardha";2024;5;1
"2024-06-01";31.0;26.5;37.9;171;"";1002.4;8940;"Wardha";2024;6;1
"2024-07-01";27.0;24.8;31.0;603;"";1000.3;2700;"Wardha";2024;7;1
"2024-08-01";27.9;24.3;31.5;213;"";1003.8;5340;"Wardha";2024;8;1
"2024-09-01";28.4;24.4;32.4;184;"";1003.7;8040;"Wardha";2024;9;1
"2024-10-01";27.3;23.2;33.5;45;"";1009.7;12540;"Wardha";2024;10;1
"2024-11-01";23.1;17.6;29.9;0;"";1013.5;10620;"Wardha";2024;11;1
"2024-12-01";21.9;16.9;28.8;3;"";1013.8;8580;"Wardha";2024;12;1
"2025-01-01";21.3;15.1;29.8;0;"";1014.3;12240;"Wardha";2025;1;1
"2025-02-01";25.9;19.1;34.4;0;"";1013.1;14760;"Wardha";2025;2;1
"2025-03-01";29.0;19.5;38.5;0;"";1009.5;15300;"Wardha";2025;3;1
"2025-04-01";32.7;25.7;40.8;1;"";1006.3;14280;"Wardha";2025;4;1
"2025-05-01";31.5;26.4;38.0;108;"";1003.6;11760;"Wardha";2025;5;1
"2025-06-01";30.4;26.4;35.8;108;"";1001.7;9120;"Wardha";2025;6;1
"2025-07-01";27.0;24.7;30.6;540;"";1001.5;3180;"Wardha";2025;7;1
"2025-08-01";26.8;24.1;31.1;391;"";1004.1;6180;"Wardha";2025;8;1
"2025-09-01";26.4;23.8;30.3;296;"";1005.4;7020;"Wardha";2025;9;1
"2025-10-01";26.5;22.7;31.0;83;"";1009.4;11340;"Wardha";2025;10;1
"2025-11-01";22.3;16.7;28.5;1;"";1014.4;14340;"Wardha";2025;11;1
"2025-12-01";19.2;12.9;26.8;0;"";1015.6;17160;"Wardha";2025;12;1
"2021-02-01";24.1;18.0;30.4;10;"";1013.8;0;"Yavatmal";2021;2;1
"2021-03-01";28.9;22.2;35.4;2;"";1010.9;0;"Yavatmal";2021;3;1
"2021-04-01";31.8;25.4;38.0;1;"";1008.2;0;"Yavatmal";2021;4;1
"2021-05-01";32.7;27.8;38.1;12;"";1005.0;0;"Yavatmal";2021;5;1
"2021-06-01";28.7;25.6;33.0;120;"";1004.1;0;"Yavatmal";2021;6;1
"2021-07-01";27.1;24.7;30.4;556;"";1002.6;0;"Yavatmal";2021;7;1
"2021-08-01";26.3;23.9;29.5;226;"";1005.0;0;"Yavatmal";2021;8;1
"2021-09-01";25.5;23.3;28.8;342;"";1004.9;0;"Yavatmal";2021;9;1
"2021-10-01";25.2;21.1;29.8;87;"";1009.6;0;"Yavatmal";2021;10;1
"2021-11-01";24.1;19.4;29.2;23;"";1011.9;0;"Yavatmal";2021;11;1
"2021-12-01";21.2;16.3;26.8;5;"";1015.5;0;"Yavatmal";2021;12;1
"2022-01-01";19.6;14.5;25.4;22;"";1014.5;0;"Yavatmal";2022;1;1
"2022-02-01";23.2;17.0;29.9;0;"";1012.2;0;"Yavatmal";2022;2;1
"2022-03-01";29.5;22.4;36.5;0;"";1009.4;0;"Yavatmal";2022;3;1
"2022-04-01";34.5;27.8;41.0;0;"";1006.4;0;"Yavatmal";2022;4;1
"2022-05-01";34.8;29.0;40.8;13;"";1002.3;0;"Yavatmal";2022;5;1
"2022-06-01";30.7;26.4;35.8;164;"";1002.9;0;"Yavatmal";2022;6;1
"2022-07-01";25.4;23.5;28.4;735;"";1002.6;0;"Yavatmal";2022;7;1
"2022-08-01";25.9;23.5;29.3;293;"";1003.5;0;"Yavatmal";2022;8;1
"2022-09-01";25.8;23.1;29.6;247;"";1006.1;0;"Yavatmal";2022;9;1
"2022-10-01";24.5;20.8;29.1;115;"";1010.9;0;"Yavatmal";2022;10;1
"2022-11-01";22.3;16.8;28.4;0;"";1013.9;0;"Yavatmal";2022;11;1
"2022-12-01";22.7;17.4;28.5;10;"";1013.7;0;"Yavatmal";2022;12;1
"2023-01-01";21.8;16.3;27.7;0;"";1015.0;0;"Yavatmal";2023;1;1
"2023-02-01";24.4;17.2;31.7;0;"";1014.0;0;"Yavatmal";2023;2;1
"2023-03-01";26.7;20.4;33.1;11;"";1011.9;0;"Yavatmal";2023;3;1
"2023-04-01";29.7;23.8;36.3;55;"";1009.5;0;"Yavatmal";2023;4;1
"2023-05-01";31.8;26.2;38.1;17;"";1007.0;0;"Yavatmal";2023;5;1
"2023-06-01";32.4;27.9;37.7;57;"";1003.5;0;"Yavatmal";2023;6;1
"2023-07-01";26.6;24.3;30.5;471;"";1003.2;0;"Yavatmal";2023;7;1
"2023-08-01";26.3;23.6;29.8;95;"";1006.3;0;"Yavatmal";2023;8;1
"2023-09-01";26.1;23.7;29.8;202;"";1005.4;0;"Yavatmal";2023;9;1
"2023-10-01";26.2;21.3;31.5;0;"";1012.0;0;"Yavatmal";2023;10;1
"2023-11-01";24.2;18.9;29.7;50;"";1014.3;0;"Yavatmal";2023;11;1
"2023-12-01";21.4;16.4;26.7;0;"";1015.4;0;"Yavatmal";2023;12;1
"2024-01-01";22.2;16.9;28.3;1;"";1015.1;0;"Yavatmal";2024;1;1
"2024-02-01";24.6;18.7;31.2;33;"";1014.6;0;"Yavatmal";2024;2;1
"2024-03-01";27.9;21.5;35.1;6;"";1011.8;0;"Yavatmal";2024;3;1
"2024-04-01";31.1;25.4;37.4;34;"";1008.6;0;"Yavatmal";2024;4;1
"2024-05-01";33.0;27.6;39.4;1;"";1004.3;0;"Yavatmal";2024;5;1
"2024-06-01";29.9;25.7;35.8;173;"";1003.2;0;"Yavatmal";2024;6;1
"2024-07-01";26.2;24.1;29.7;643;"";1001.3;0;"Yavatmal";2024;7;1
"2024-10-01";26.6;22.6;31.2;70;"";1010.1;0;"Yavatmal";2024;10;1
"2024-11-01";23.4;18.2;28.9;0;"";1013.7;0;"Yavatmal";2024;11;1
"2025-01-01";22.1;16.2;29.1;0;"";1014.4;0;"Yavatmal";2025;1;1
"2025-02-01";26.2;19.4;33.3;0;"";1013.4;0;"Yavatmal";2025;2;1
"2025-04-01";32.8;26.2;39.9;13;"";1006.8;0;"Yavatmal";2025;4;1
"2025-05-01";30.7;25.5;37.2;137;"";1004.2;0;"Yavatmal";2025;5;1
"2025-06-01";29.1;25.3;34.0;144;"";1002.6;0;"Yavatmal";2025;6;1
"2025-07-01";26.0;23.8;29.4;407;"";1002.4;0;"Yavatmal";2025;7;1
"2025-08-01";25.8;23.4;29.6;370;"";1004.7;0;"Yavatmal";2025;8;1
"2025-09-01";25.4;22.9;29.2;267;"";1006.0;0;"Yavatmal";2025;9;1
"2025-10-01";25.6;22.0;30.0;85;"";1009.8;0;"Yavatmal";2025;10;1
"2025-11-01";21.7;16.7;27.2;3;"";1014.7;0;"Yavatmal";2025;11;1
"2025-12-01";19.4;13.5;26.2;0;"";1015.8;0;"Yavatmal";2025;12;1
